CourseEvaluationsF2FResponseID,EnrolledCoursesID,Q1Response,Q2Response,Q3Response,Q4Response,Q5Response,Q6Response,Q7Response,Q8Response,Q9Response,Q10Response,Q11Response,Q12Response,Q13Response,Q14Response
1,1,0,2,2,4,0,3,3,4,4,1,1,0,2,4
2,2,0,3,4,4,0,1,4,4,1,2,4,1,0,2
3,3,1,1,3,0,1,4,1,1,2,1,3,4,2,1
4,4,2,3,1,3,4,3,1,4,2,0,3,1,0,0
5,5,4,4,1,2,0,1,0,2,3,3,1,0,4,4
6,6,4,3,4,0,3,1,2,4,2,0,1,1,0,2
7,7,4,0,4,2,4,1,2,0,0,3,3,3,0,0
8,8,4,1,3,0,1,0,2,1,2,1,0,3,2,4
9,9,4,3,1,0,3,2,4,2,3,3,1,0,3,1
10,10,1,1,3,4,1,0,3,2,0,2,1,3,1,2
11,21,3,0,2,1,2,1,4,4,0,4,4,2,2,2
12,22,1,4,2,4,2,1,3,2,0,1,3,4,3,3
13,23,3,3,1,2,2,0,3,4,4,3,1,0,4,2
14,24,1,2,0,3,1,0,2,0,2,1,1,4,0,2
15,25,3,2,3,3,0,4,2,0,3,2,4,3,3,1
16,26,4,4,4,4,4,2,2,0,1,0,2,4,4,1
17,27,3,4,0,0,0,4,0,2,0,0,1,2,0,1
18,28,2,4,1,3,0,0,2,2,1,2,4,0,4,3
19,29,4,0,4,3,3,4,3,2,4,4,2,4,0,0
20,30,1,0,1,3,1,3,2,4,2,3,3,2,1,1
21,31,4,2,4,1,1,3,4,4,4,0,4,2,4,1
22,32,3,4,4,1,0,4,3,0,2,3,0,4,1,2
23,33,4,0,4,4,1,0,2,3,4,3,1,4,3,2
24,34,1,1,3,2,1,2,3,3,0,4,2,3,4,2
25,35,1,4,1,2,2,2,4,2,1,3,0,3,4,2
26,36,2,3,1,3,2,4,4,0,3,2,3,4,2,0
27,37,1,2,0,1,3,3,2,2,2,1,4,0,3,3
28,38,3,2,0,4,3,1,0,1,3,3,0,1,0,1
29,39,2,1,1,3,2,2,0,4,0,4,3,4,3,4
30,40,2,1,3,3,1,4,4,0,4,2,4,3,4,2
31,41,1,4,1,3,0,1,1,4,3,2,2,1,4,2
32,42,2,2,4,1,3,2,4,0,4,3,0,2,4,0
33,43,4,3,3,2,1,0,1,0,2,2,0,2,2,3
34,44,1,1,3,0,4,3,1,2,0,1,4,4,2,1
35,45,3,0,1,0,1,3,2,3,0,4,4,0,3,4
36,46,3,4,3,4,0,3,0,1,4,3,1,1,0,3
37,47,3,0,2,0,3,0,2,3,1,0,2,1,1,3
38,48,2,3,1,2,4,1,1,2,1,4,3,1,2,1
39,49,4,4,4,2,1,0,2,0,1,3,1,3,2,3
40,50,1,4,4,0,0,0,2,2,1,1,4,1,3,1
41,51,1,1,2,1,4,4,2,4,0,2,4,1,2,3
42,52,1,0,4,2,3,2,0,0,4,4,4,4,2,4
43,53,4,4,3,2,2,1,2,2,3,4,1,2,2,0
44,54,0,2,2,3,3,1,2,4,1,0,2,4,0,3
45,55,1,1,0,2,3,1,2,3,3,4,1,1,2,1
46,56,0,4,0,3,2,1,4,3,1,4,3,4,1,4
47,57,0,3,0,2,4,3,0,1,4,1,1,1,3,1
48,58,3,4,1,3,4,0,3,1,0,1,3,4,4,4
49,59,2,2,3,2,4,4,2,2,1,1,0,1,3,0
50,60,1,3,1,1,4,0,2,4,0,0,0,0,2,0
51,61,1,2,2,4,1,0,0,1,3,2,2,3,2,2
52,62,2,4,0,3,1,3,0,2,4,0,1,1,4,1
53,63,1,2,4,3,4,3,1,3,3,4,4,3,2,4
54,64,0,0,3,2,1,0,2,1,1,0,2,4,2,2
55,65,4,2,4,4,3,4,0,1,3,4,1,0,0,3
56,66,2,1,1,3,1,4,3,1,1,1,0,1,4,3
57,67,2,2,1,0,1,0,0,4,0,3,1,4,4,2
58,68,0,3,3,1,4,4,4,0,2,0,2,4,1,0
59,69,4,1,3,2,3,4,2,3,1,3,1,0,1,2
60,70,0,1,3,2,2,0,3,1,4,2,4,4,0,4
61,71,1,4,0,0,2,0,3,0,2,0,2,0,1,4
62,72,4,4,1,1,3,0,4,2,2,2,3,3,2,4
63,73,0,3,2,1,1,4,4,2,2,4,3,3,4,0
64,74,3,2,0,0,0,1,0,1,3,3,4,3,1,1
65,75,4,3,2,1,3,0,4,3,3,4,1,0,0,4
66,76,1,0,1,4,0,1,2,3,2,1,0,2,1,2
67,77,2,0,2,2,3,4,1,3,2,2,3,1,1,0
68,78,0,1,3,0,1,3,0,2,1,0,2,3,4,4
69,79,4,4,3,0,3,0,4,1,4,0,4,3,1,3
70,80,1,1,1,2,3,1,2,3,1,4,2,3,0,2
71,81,3,1,1,0,3,2,1,4,2,0,4,2,4,3
72,82,0,2,1,4,1,0,0,4,1,2,1,2,0,0
73,83,2,3,3,2,4,0,0,3,1,4,0,3,4,3
74,84,4,2,4,3,4,2,3,3,0,1,2,4,3,0
75,85,0,0,3,3,0,1,3,3,0,0,3,3,4,0
76,86,0,0,1,1,1,1,3,0,3,2,2,3,3,1
77,87,3,0,1,4,1,2,3,3,4,4,2,0,0,2
78,88,2,4,1,4,4,2,3,0,1,2,3,3,0,4
79,89,3,4,3,1,1,4,1,2,1,3,2,4,3,0
80,90,1,2,1,2,3,0,0,4,0,0,4,3,4,3
81,91,2,4,0,2,3,0,2,0,0,2,3,1,0,2
82,92,0,1,0,4,1,3,3,3,3,2,4,1,2,1
83,93,4,3,4,2,4,2,1,4,1,0,3,1,4,4
84,94,1,2,1,0,3,2,4,0,0,1,0,2,3,1
85,95,1,2,1,2,4,4,0,2,1,0,2,4,4,1
86,96,0,0,1,0,4,4,4,3,3,3,2,1,0,3
87,97,1,4,4,2,4,0,4,0,1,1,3,3,4,2
88,98,0,1,4,1,2,1,4,1,0,3,1,1,0,2
89,99,1,1,4,2,2,1,4,2,2,4,0,2,2,4
90,100,1,3,3,2,4,4,4,2,4,4,1,4,1,0
91,101,1,3,3,3,3,3,2,1,0,1,3,4,1,3
92,102,1,4,4,2,4,0,4,1,3,0,3,2,1,2
93,103,4,0,1,3,3,0,1,2,1,1,3,4,2,1
94,104,4,1,4,0,0,3,3,0,0,3,2,1,0,4
95,105,3,1,4,0,0,0,4,2,3,2,2,2,3,0
96,106,3,2,3,2,0,0,2,2,3,1,2,0,1,4
97,107,4,0,1,3,4,0,3,1,0,2,4,0,2,4
98,108,3,1,1,1,1,3,2,0,2,4,2,4,2,1
99,109,2,2,3,3,0,2,1,2,4,1,4,2,1,4
100,110,2,0,0,4,3,3,4,1,2,3,0,0,3,2
101,111,2,0,3,0,2,3,3,0,1,2,1,2,1,3
102,112,1,4,0,0,0,2,3,2,4,3,2,3,0,2
103,113,1,2,2,0,4,4,4,2,2,4,3,1,3,1
104,114,2,3,0,1,1,1,3,0,0,1,3,3,0,4
105,115,4,3,0,4,2,0,3,2,1,2,2,1,4,3
106,116,4,2,1,4,0,1,2,0,1,1,4,4,0,2
107,117,0,4,0,2,4,1,4,1,4,0,3,2,4,4
108,118,3,3,1,0,4,2,0,2,0,2,0,4,1,3
109,119,4,2,4,1,3,3,0,0,3,0,3,3,3,3
110,120,0,3,2,4,3,2,0,2,1,3,3,2,0,3
111,121,0,4,0,4,1,1,0,4,3,4,4,4,3,3
112,122,2,4,4,0,2,3,3,0,3,0,0,4,2,3
113,123,1,3,0,3,4,3,4,2,1,3,0,3,1,1
114,124,3,4,2,1,3,1,1,3,4,2,2,1,4,1
115,125,3,1,0,0,0,1,4,2,2,3,4,0,0,3
116,126,4,2,0,1,2,3,4,4,2,0,4,4,1,1
117,127,3,0,0,2,1,3,3,1,0,3,0,4,3,3
118,128,0,0,1,3,2,4,2,1,0,3,2,2,2,2
119,129,1,4,0,4,1,4,3,2,4,4,4,2,1,4
120,130,1,1,4,1,4,4,3,2,2,2,3,3,3,0
121,141,1,4,4,0,3,3,0,0,3,1,4,3,4,0
122,142,4,4,1,0,4,0,4,2,3,3,3,3,2,3
123,143,2,0,0,0,4,4,4,2,0,4,0,1,3,1
124,144,4,1,4,2,3,3,2,4,1,1,0,2,0,4
125,145,2,1,3,1,1,1,1,2,3,1,0,4,3,0
126,146,4,3,0,1,3,4,1,1,2,2,0,3,2,3
127,147,1,0,0,0,0,2,3,2,0,2,3,4,0,2
128,148,4,4,1,0,0,1,0,2,4,3,2,2,0,4
129,149,1,3,3,4,2,1,0,1,4,0,4,4,4,3
130,150,4,2,3,3,0,4,0,3,4,3,3,1,2,0
131,151,2,0,3,2,1,1,1,3,0,1,2,0,0,3
132,152,1,4,1,1,2,0,4,4,1,0,0,0,4,3
133,153,2,1,1,3,2,0,1,4,2,3,1,2,1,4
134,154,4,0,2,1,1,2,4,1,3,3,3,3,1,0
135,155,2,2,0,4,1,4,4,4,3,2,0,3,4,3
136,156,2,3,2,0,1,1,0,4,1,2,1,1,4,1
137,157,0,0,1,1,0,3,0,2,0,1,4,0,1,3
138,158,0,3,0,4,0,0,3,1,2,4,3,1,3,0
139,159,4,3,1,1,0,1,3,3,4,2,1,3,1,0
140,160,3,2,2,0,0,3,1,3,1,4,4,2,1,4
141,161,0,3,4,2,1,0,2,2,2,4,4,3,4,1
142,162,1,1,3,1,1,0,4,1,2,0,4,4,3,4
143,163,3,2,1,0,0,2,4,2,0,3,3,2,1,2
144,164,4,2,4,2,4,1,3,4,0,3,0,2,2,4
145,165,0,2,1,0,2,3,0,4,2,2,3,2,1,2
146,166,0,3,2,1,3,0,1,4,2,4,1,1,1,1
147,167,1,3,3,0,2,0,0,1,1,3,4,0,1,0
148,168,1,0,4,0,0,1,0,0,3,2,2,3,1,0
149,169,4,2,0,4,1,2,1,3,0,1,4,0,2,4
150,170,2,3,1,1,4,3,4,4,1,4,0,2,2,0
151,171,3,4,0,1,4,0,2,4,1,3,0,1,1,1
152,172,4,4,1,3,3,4,1,3,0,4,0,0,3,1
153,173,0,3,3,1,3,0,4,2,4,1,1,3,4,0
154,174,3,0,0,4,1,2,2,3,0,3,0,4,0,3
155,175,1,2,1,0,4,3,3,3,3,1,1,2,0,4
156,176,1,0,1,4,1,1,4,0,2,3,4,1,2,0
157,177,2,0,3,3,3,4,4,0,2,3,0,1,4,1
158,178,3,2,4,1,3,3,3,3,3,0,2,4,3,1
159,179,0,2,3,4,0,3,2,2,2,4,2,3,1,3
160,180,0,0,4,3,3,3,2,0,2,4,1,4,4,3
161,181,4,0,0,1,3,1,2,3,0,1,2,0,4,0
162,182,3,2,1,4,2,1,1,0,0,2,2,0,3,4
163,183,2,1,3,3,3,1,1,2,3,4,3,3,0,3
164,184,1,2,1,0,3,1,4,3,2,1,4,0,0,0
165,185,1,1,1,2,2,2,0,4,1,1,1,1,4,0
166,186,1,3,4,4,0,1,4,2,4,4,3,4,2,4
167,187,3,4,0,1,1,0,1,0,2,2,3,2,4,3
168,188,1,1,3,3,2,4,2,2,1,3,4,1,3,2
169,189,3,4,2,3,4,2,0,4,2,3,3,1,3,3
170,190,0,4,4,1,1,0,4,1,2,2,4,1,2,3
171,191,0,1,1,2,2,1,4,2,0,0,0,1,0,1
172,192,3,4,2,3,4,0,3,3,3,1,2,0,0,2
173,193,0,2,3,4,2,3,4,4,1,4,2,3,1,1
174,194,2,2,4,4,2,4,2,0,4,2,3,2,2,0
175,195,2,0,1,4,3,1,0,3,2,1,3,0,0,1
176,196,4,3,2,0,2,4,4,0,1,3,1,1,4,0
177,197,1,4,0,3,0,4,1,2,4,4,0,2,4,2
178,198,3,3,4,2,3,2,4,4,3,4,0,2,3,4
179,199,3,3,4,1,4,0,3,0,4,4,4,0,4,3
180,200,2,1,0,4,2,1,1,0,4,2,0,3,0,2
181,201,2,1,1,4,0,3,1,0,2,1,1,2,3,4
182,202,3,0,3,2,4,0,4,1,4,4,4,0,2,4
183,203,4,1,3,3,3,3,3,3,1,1,3,2,0,2
184,204,4,2,2,0,0,0,2,3,4,3,1,0,1,0
185,205,2,4,4,0,0,2,2,1,1,4,0,4,0,3
186,206,0,3,1,1,1,3,1,3,0,3,3,1,4,0
187,207,0,2,0,3,0,0,4,3,3,3,4,1,4,3
188,208,2,3,4,2,0,0,2,0,0,0,3,1,3,4
189,209,3,1,0,1,0,3,2,1,3,1,3,2,0,3
190,210,0,3,0,3,4,3,1,4,4,3,4,3,1,0
191,211,1,3,1,2,3,4,4,4,4,1,3,0,0,1
192,212,0,0,0,0,4,1,3,0,1,4,0,1,4,4
193,213,1,3,2,3,3,4,0,3,1,3,2,1,3,1
194,214,4,0,1,2,4,0,3,4,0,4,0,3,2,3
195,215,1,2,2,0,2,1,3,0,2,0,4,4,3,2
196,216,3,0,1,4,4,1,2,2,3,0,0,1,4,3
197,217,1,2,2,3,2,2,2,1,0,2,0,0,1,0
198,218,2,3,3,2,0,3,4,2,1,2,3,1,3,1
199,219,3,1,2,3,3,4,3,0,1,4,3,2,1,4
200,220,0,2,2,4,1,2,3,4,0,0,2,2,2,0
201,231,0,3,3,0,3,3,1,4,3,2,3,0,0,0
202,232,1,1,3,4,3,2,0,0,0,4,3,0,0,3
203,233,1,4,0,0,2,3,2,0,2,1,4,0,1,1
204,234,0,1,4,1,3,1,3,4,4,3,4,0,3,4
205,235,3,0,3,2,2,2,0,0,4,3,2,4,1,0
206,236,0,1,2,3,2,0,3,2,2,2,2,3,1,2
207,237,4,2,3,1,4,2,1,3,2,1,2,3,0,3
208,238,0,2,2,3,2,0,1,1,3,4,4,3,4,3
209,239,4,4,4,1,4,0,2,3,3,3,2,4,0,1
210,240,1,2,3,0,1,1,2,0,1,0,4,3,1,4
211,241,2,0,3,2,4,2,3,0,4,1,2,4,2,4
212,242,1,2,2,0,0,3,3,3,0,4,3,2,4,1
213,243,2,2,0,0,3,4,0,3,3,1,1,2,3,3
214,244,4,0,3,1,0,2,1,2,1,0,1,2,2,1
215,245,4,1,2,2,3,2,2,4,1,0,3,1,0,1
216,246,0,4,0,2,0,3,3,2,1,3,4,4,4,0
217,247,3,0,4,0,3,1,2,4,0,2,1,1,0,4
218,248,1,0,3,2,2,1,0,1,2,4,1,0,0,3
219,249,3,2,3,1,4,4,1,4,4,4,3,0,3,2
220,250,3,4,1,3,1,3,0,0,4,4,2,4,4,4
221,251,1,3,0,2,3,1,4,0,1,3,0,1,1,3
222,252,1,1,0,2,0,0,3,2,3,4,2,2,0,1
223,253,0,1,1,3,4,0,0,1,2,3,3,1,4,0
224,254,2,0,1,4,3,2,1,1,1,3,0,0,1,1
225,255,2,1,0,1,0,0,3,2,4,3,0,2,3,2
226,256,1,3,4,1,4,4,1,0,1,1,2,1,3,4
227,257,4,1,2,2,3,3,1,4,4,0,2,1,2,2
228,258,1,4,1,3,2,1,0,1,0,0,3,4,2,1
229,259,4,3,3,2,3,0,4,2,1,2,0,1,4,3
230,260,0,0,4,1,3,1,4,2,4,0,3,1,0,0
231,281,3,1,2,2,4,4,3,3,2,4,3,2,0,0
232,282,0,4,4,4,4,1,2,0,4,1,1,4,4,0
233,283,0,4,0,0,4,1,0,2,2,0,0,4,0,2
234,284,0,2,4,1,1,2,4,3,0,0,2,4,3,4
235,285,2,2,3,4,3,3,4,3,0,3,0,2,1,1
236,286,4,2,0,1,0,2,4,3,2,0,4,3,2,4
237,287,4,1,2,1,3,4,3,2,1,1,4,3,4,1
238,288,2,0,2,4,4,1,2,1,2,4,0,2,4,4
239,289,3,3,0,3,2,3,3,3,4,3,1,2,3,4
240,290,4,4,4,3,2,2,0,1,1,4,1,3,0,3
241,291,0,0,3,4,4,1,2,3,0,2,3,3,0,2
242,292,0,4,3,4,0,3,3,1,3,1,3,2,0,2
243,293,1,4,0,2,0,2,2,3,3,4,3,4,2,0
244,294,3,4,0,4,4,4,1,1,1,1,3,1,2,3
245,295,4,0,1,3,0,0,4,3,1,4,1,3,1,1
246,296,4,1,3,1,0,2,2,4,2,4,0,1,1,1
247,297,2,0,4,1,1,0,4,0,2,0,1,2,1,0
248,298,0,4,2,4,0,1,4,3,0,3,2,0,3,3
249,299,3,1,4,2,1,0,3,4,1,1,4,2,0,4
250,300,0,0,2,4,0,3,0,3,2,1,3,1,0,1
251,301,1,4,3,0,1,4,4,0,1,1,4,4,2,0
252,302,4,2,4,2,2,1,4,0,3,1,3,0,2,3
253,303,3,3,0,1,1,2,3,3,0,3,3,1,1,3
254,304,0,0,3,2,2,3,3,2,4,0,1,4,0,2
255,305,3,3,2,1,1,1,1,3,0,1,3,0,3,2
256,306,0,1,1,2,0,4,0,2,2,4,0,1,0,1
257,307,2,2,0,4,2,4,0,0,4,3,4,1,0,0
258,308,1,3,4,2,1,0,4,3,3,2,4,3,2,3
259,309,1,0,4,2,3,1,0,0,4,1,4,0,1,1
260,310,3,4,0,3,3,1,4,0,3,0,1,2,4,0
261,311,0,1,1,3,0,4,3,1,0,2,4,1,0,1
262,312,1,0,0,2,1,3,2,3,0,0,4,4,2,3
263,313,1,1,1,2,1,1,1,2,1,3,3,3,2,2
264,314,0,4,4,4,0,0,2,4,0,4,0,3,0,2
265,315,3,4,2,2,3,0,4,3,4,1,3,4,3,1
266,316,2,0,2,3,0,1,1,2,2,4,1,2,1,0
267,317,0,0,2,2,1,0,0,2,4,3,2,2,0,4
268,318,2,1,1,3,2,0,3,1,1,1,2,0,1,3
269,319,4,2,1,3,0,3,2,0,1,2,0,4,3,2
270,320,0,4,1,2,1,0,3,3,1,2,4,1,2,3
271,331,3,3,0,0,1,3,0,4,0,4,2,0,2,1
272,332,3,3,1,1,0,3,3,0,1,3,0,1,3,0
273,333,0,1,0,4,0,0,3,2,3,2,3,3,2,4
274,334,1,0,4,1,4,3,0,1,2,4,3,1,2,2
275,335,1,4,4,0,0,4,3,1,3,3,2,1,4,2
276,336,4,3,2,3,2,1,3,1,0,4,4,0,1,3
277,337,4,4,3,0,0,4,2,4,4,4,2,0,2,2
278,338,3,2,0,2,0,4,3,2,1,4,4,3,2,3
279,339,4,3,4,1,2,0,4,0,1,3,4,1,3,2
280,340,4,4,0,1,0,1,3,3,3,1,2,3,2,2
281,341,0,2,2,3,3,0,3,0,0,0,4,4,3,3
282,342,0,4,1,4,3,0,2,0,0,1,3,0,2,0
283,343,3,1,1,4,4,4,2,1,3,0,0,4,1,2
284,344,1,4,4,4,3,0,3,4,3,2,2,0,2,4
285,345,1,1,2,1,1,4,1,3,2,4,0,2,4,4
286,346,0,4,0,4,2,0,2,3,1,3,3,4,1,2
287,347,4,0,3,4,2,1,3,2,4,0,0,0,3,3
288,348,4,4,2,2,4,4,4,3,0,2,1,0,4,2
289,349,1,0,1,0,0,2,0,4,3,3,0,0,1,1
290,350,1,3,4,4,0,0,0,3,3,0,3,4,3,1
291,351,2,0,4,0,4,3,3,4,2,4,1,1,2,2
292,352,2,2,1,4,4,2,3,0,3,3,4,1,1,3
293,353,4,3,1,0,0,0,3,2,1,4,1,0,3,1
294,354,3,4,2,3,1,4,0,4,3,3,4,1,2,4
295,355,2,4,2,4,4,0,1,3,4,0,1,4,3,3
296,356,4,1,2,0,3,2,2,2,3,2,0,0,3,1
297,357,0,3,3,4,2,1,4,0,2,2,4,3,3,3
298,358,0,3,2,0,4,3,0,1,4,4,1,0,0,1
299,359,4,3,4,3,0,0,2,0,3,1,1,4,0,4
300,360,3,2,1,4,2,3,4,1,1,1,0,2,3,1
301,361,2,4,2,2,0,2,3,1,4,1,4,4,1,1
302,362,0,3,3,1,0,4,2,1,3,4,3,0,4,1
303,363,2,4,2,0,4,3,3,2,0,1,0,0,4,1
304,364,4,2,2,3,3,1,3,0,3,0,1,3,1,3
305,365,1,1,4,4,2,0,3,4,2,3,3,0,1,4
306,366,4,3,0,3,3,3,3,3,1,4,3,0,4,4
307,367,1,1,1,3,0,4,1,2,2,0,1,4,2,4
308,368,4,2,0,3,0,3,4,4,1,2,0,0,2,3
309,369,4,1,0,4,0,2,0,4,2,0,2,4,3,1
310,370,0,3,2,4,2,4,4,2,2,0,2,0,3,4
311,371,0,1,4,2,4,0,1,0,1,3,4,3,0,1
312,372,4,4,4,0,2,0,1,0,4,1,0,2,2,2
313,373,3,4,3,1,0,4,3,4,2,3,1,4,4,0
314,374,3,3,1,0,2,0,4,4,1,0,3,4,2,2
315,375,0,3,0,2,4,2,2,2,3,3,0,2,3,1
316,376,3,4,2,4,1,0,1,2,4,0,2,0,4,2
317,377,4,3,0,1,2,2,1,0,2,3,4,3,4,0
318,378,0,0,0,3,2,2,2,1,2,4,2,3,0,3
319,379,2,4,3,1,0,2,0,3,1,2,4,0,3,2
320,380,4,3,4,1,4,2,0,4,0,4,1,4,0,1
321,381,4,4,2,0,1,0,4,3,2,3,0,4,2,0
322,382,3,1,1,3,1,0,4,1,2,2,1,0,1,4
323,383,0,2,1,1,0,4,2,2,0,3,4,0,4,2
324,384,2,1,2,4,1,3,2,0,2,3,2,3,3,4
325,385,4,0,3,3,4,4,2,0,2,3,3,0,0,3
326,386,2,1,4,4,2,4,3,0,0,3,4,3,4,2
327,387,4,1,0,1,1,1,4,2,2,3,3,3,2,3
328,388,2,2,0,3,4,4,2,1,4,1,1,0,2,3
329,389,2,2,3,4,2,2,3,4,0,2,2,0,0,0
330,390,4,0,3,1,0,4,2,0,1,4,0,0,4,0
331,401,1,0,4,0,0,2,1,4,0,0,3,0,2,0
332,402,2,0,0,4,1,0,2,1,1,4,2,0,3,1
333,403,2,1,4,2,2,3,1,2,2,2,2,1,2,0
334,404,1,4,0,2,0,0,2,0,1,1,2,2,2,3
335,405,4,0,4,0,4,1,0,0,4,1,1,2,0,2
336,406,1,0,2,2,4,3,1,1,2,0,3,2,3,4
337,407,0,2,0,0,0,4,0,3,2,1,3,4,2,0
338,408,1,2,3,0,2,0,2,2,0,4,0,1,2,2
339,409,0,0,3,3,0,3,1,4,1,3,2,1,3,3
340,410,1,3,2,1,2,0,3,2,3,1,4,0,2,2
341,411,2,1,2,0,0,1,1,4,1,2,2,3,4,2
342,412,3,4,3,0,0,1,0,0,4,1,3,4,1,4
343,413,4,0,2,2,4,0,1,1,4,3,2,2,0,2
344,414,3,1,2,1,2,2,3,4,2,1,3,2,4,2
345,415,2,4,0,2,2,3,1,0,3,4,3,2,2,0
346,416,4,3,4,1,0,2,4,2,0,1,2,0,4,3
347,417,4,3,4,2,1,4,4,3,0,4,2,1,2,4
348,418,3,3,1,2,0,0,0,2,4,0,3,3,4,1
349,419,2,2,0,1,1,4,3,0,0,3,2,1,4,4
350,420,0,4,2,4,3,2,3,4,2,1,2,3,3,1
351,421,1,2,4,3,4,2,1,2,2,3,2,0,0,3
352,422,2,3,2,3,1,0,1,0,4,4,4,0,0,0
353,423,1,4,1,2,0,1,1,3,4,2,0,1,3,0
354,424,0,1,4,1,2,2,2,3,4,3,1,0,0,0
355,425,2,4,1,2,4,4,3,4,3,2,1,1,3,1
356,426,2,4,4,4,2,4,0,4,3,2,4,0,1,1
357,427,0,2,3,4,4,0,0,2,2,1,0,4,0,4
358,428,3,0,4,1,3,0,1,1,1,1,2,0,4,0
359,429,4,0,4,4,2,2,1,2,1,0,4,0,4,4
360,430,0,3,2,3,3,0,3,4,1,0,2,3,1,4
361,431,3,3,0,0,1,1,3,4,3,4,1,1,1,3
362,432,1,2,2,4,0,1,3,3,2,3,4,2,4,1
363,433,2,1,3,2,0,0,3,4,3,0,0,0,4,4
364,434,3,0,0,4,2,3,2,3,3,1,3,4,2,4
365,435,4,2,4,0,0,3,4,1,2,3,4,1,2,2
366,436,1,0,3,4,1,3,0,2,1,2,1,3,3,4
367,437,1,3,0,3,3,1,4,3,4,0,0,3,4,4
368,438,0,1,1,4,3,1,2,4,0,1,3,2,0,2
369,439,4,2,2,4,4,3,1,0,1,4,0,3,1,1
370,440,3,4,1,3,1,4,3,4,3,2,1,2,3,2
371,441,0,2,0,0,1,0,4,3,1,3,4,4,3,2
372,442,3,4,1,4,0,1,0,2,3,4,2,2,0,2
373,443,1,4,2,1,2,0,0,0,4,1,4,2,4,4
374,444,3,0,4,4,3,2,2,0,2,4,3,4,2,0
375,445,3,2,1,2,1,2,1,2,4,4,4,3,1,2
376,446,0,3,4,4,0,0,1,3,2,3,4,4,0,2
377,447,1,4,3,1,3,2,1,1,2,3,2,1,3,3
378,448,3,4,3,3,3,0,0,1,2,0,1,4,2,1
379,449,2,0,2,0,3,0,1,3,4,2,2,4,1,2
380,450,3,4,4,3,3,1,4,0,0,4,0,2,1,3
381,451,3,3,4,0,4,0,0,0,3,1,1,1,4,1
382,452,1,4,4,4,1,0,1,2,4,4,0,2,1,1
383,453,1,0,1,3,0,4,2,2,4,2,0,2,1,1
384,454,1,0,0,4,0,0,1,4,4,4,0,3,3,2
385,455,3,0,0,2,2,3,0,1,1,3,1,4,2,2
386,456,0,2,3,3,4,1,4,1,1,2,2,0,4,0
387,457,4,2,4,2,1,3,1,3,3,3,4,0,1,1
388,458,4,2,0,0,4,3,1,4,1,0,1,0,4,1
389,459,2,1,3,4,0,1,4,2,0,0,3,1,1,2
390,460,3,0,1,2,2,3,3,1,4,0,0,4,1,2
391,461,3,0,1,4,0,0,4,3,4,3,1,4,0,0
392,462,4,3,0,4,3,4,1,1,3,0,0,3,4,1
393,463,4,4,0,1,1,2,2,1,1,4,2,2,0,3
394,464,4,1,4,0,2,1,4,2,1,1,2,0,0,2
395,465,1,3,4,1,3,2,1,0,2,1,3,0,3,0
396,466,1,1,0,2,0,1,3,3,1,0,1,4,3,2
397,467,3,2,2,3,2,1,4,4,4,4,3,1,3,2
398,468,4,2,3,4,0,4,2,4,1,4,4,0,2,0
399,469,1,4,1,0,3,2,0,1,0,3,1,2,2,0
400,470,1,4,3,4,1,3,1,2,2,2,4,2,4,2
401,471,4,1,4,1,1,1,1,3,3,0,1,4,3,0
402,472,1,2,3,3,2,1,1,1,4,1,0,0,1,0
403,473,2,4,1,1,3,1,3,3,0,2,1,2,1,1
404,474,0,0,1,1,1,1,3,2,0,4,3,1,2,4
405,475,1,0,4,3,2,2,4,1,3,3,3,0,4,4
406,476,3,0,0,0,0,0,2,2,3,4,2,4,0,4
407,477,1,4,3,4,3,4,3,2,3,0,1,3,3,0
408,478,1,1,3,3,0,2,4,2,2,2,0,1,3,3
409,479,0,0,0,1,3,0,1,1,2,4,0,1,3,1
410,480,4,2,0,2,0,3,2,4,1,0,3,1,2,4
411,481,3,3,3,0,0,4,1,4,4,0,1,2,1,0
412,482,3,1,3,3,4,4,3,3,3,4,4,4,2,2
413,483,4,4,2,4,3,4,0,3,2,1,2,3,2,3
414,484,0,0,2,2,4,0,1,4,2,2,0,3,0,0
415,485,4,2,1,1,4,3,4,0,4,0,4,4,1,3
416,486,4,2,0,3,2,4,3,1,1,4,1,0,4,4
417,487,1,3,0,2,4,3,0,1,1,2,0,1,4,0
418,488,2,4,0,2,3,2,2,1,2,3,1,0,3,3
419,489,2,4,4,3,0,3,1,0,4,3,3,1,1,2
420,490,4,3,3,4,2,2,2,2,3,0,0,3,0,4
421,491,2,2,4,3,3,4,0,3,2,2,4,2,4,4
422,492,4,1,3,1,4,4,0,1,3,3,2,4,3,4
423,493,0,4,1,1,3,2,0,2,4,4,2,2,0,4
424,494,2,4,0,2,4,1,1,4,4,1,4,2,1,3
425,495,2,1,1,3,0,2,1,3,1,0,4,4,1,0
426,496,3,2,4,2,2,1,3,3,1,2,0,4,3,2
427,497,3,0,0,3,1,0,3,3,1,4,0,1,2,4
428,498,1,1,3,4,1,1,4,2,0,1,4,0,3,4
429,499,3,3,3,3,2,0,2,4,4,1,1,3,1,2
430,500,1,3,0,2,1,1,1,1,3,1,0,3,2,1
431,501,4,1,4,3,4,2,3,2,4,0,2,1,1,0
432,502,2,3,2,4,2,1,1,3,0,2,0,1,3,2
433,503,3,1,2,4,3,1,2,0,0,4,3,2,4,3
434,504,4,3,2,1,3,0,0,0,4,2,3,2,2,4
435,505,3,0,4,0,3,0,1,2,1,1,2,3,1,2
436,506,1,4,0,1,4,2,3,2,2,2,3,2,2,1
437,507,1,1,3,3,1,3,1,1,0,3,0,4,2,3
438,508,4,3,3,2,2,3,2,3,2,2,3,4,4,0
439,509,1,0,3,4,4,2,0,4,1,4,1,0,2,2
440,510,4,4,2,4,3,2,3,0,1,4,4,1,1,0
441,511,0,1,1,0,1,3,3,3,2,1,2,2,1,4
442,512,4,2,0,3,4,2,1,1,3,4,3,1,3,3
443,513,1,4,4,1,0,1,0,1,1,4,0,1,1,4
444,514,2,2,2,3,0,0,2,2,3,0,2,3,3,1
445,515,0,4,1,0,3,1,2,2,2,1,4,2,4,0
446,516,2,4,0,1,0,2,3,3,0,0,1,1,3,4
447,517,0,0,4,1,2,0,0,2,3,3,3,1,1,4
448,518,2,3,0,4,0,3,3,2,1,2,4,3,2,1
449,519,1,0,3,3,3,1,4,2,4,4,2,1,1,3
450,520,1,1,4,3,2,2,3,4,4,4,4,1,2,2
451,521,3,3,1,1,1,3,2,4,2,1,3,0,4,0
452,522,2,4,3,1,4,4,3,2,3,1,2,0,1,1
453,523,3,1,2,2,1,3,0,0,2,4,2,0,1,1
454,524,1,0,2,1,2,1,2,3,4,4,4,0,4,3
455,525,3,0,0,4,3,2,0,0,4,3,4,2,2,1
456,526,2,3,4,3,4,4,3,2,1,4,1,4,2,2
457,527,4,3,4,4,0,0,3,0,3,0,4,2,1,2
458,528,0,0,2,3,1,3,2,1,2,1,3,4,2,4
459,529,3,4,2,3,0,4,0,1,3,0,2,1,4,0
460,530,0,1,4,4,0,2,3,1,2,2,3,3,1,0
461,531,1,2,1,2,2,4,4,1,2,3,1,4,1,3
462,532,1,4,4,0,2,2,3,2,3,0,2,3,2,2
463,533,2,0,0,4,0,3,0,1,3,3,4,3,0,1
464,534,3,0,1,4,3,4,1,3,2,2,2,3,0,2
465,535,4,1,2,1,2,0,3,3,3,2,2,3,4,0
466,536,1,0,4,3,3,0,2,1,3,2,0,0,4,3
467,537,0,4,3,0,2,3,3,1,0,1,4,3,2,4
468,538,3,0,4,2,1,3,1,2,0,2,1,0,2,4
469,539,1,0,2,0,4,2,3,2,1,2,4,4,0,3
470,540,2,0,1,0,2,0,0,2,3,2,2,0,4,3
471,541,4,4,2,4,4,0,3,0,1,2,3,0,3,4
472,542,3,4,4,1,2,2,4,3,2,0,4,4,2,1
473,543,1,3,4,4,1,3,1,0,2,3,3,0,3,0
474,544,0,2,1,0,2,3,3,1,3,4,3,4,4,4
475,545,0,2,0,1,4,3,1,0,4,3,3,1,3,2
476,546,4,0,0,2,1,4,0,0,2,1,0,4,1,1
477,547,2,1,2,2,2,1,3,0,1,3,3,2,3,2
478,548,4,0,1,4,2,0,0,1,4,3,2,1,1,1
479,549,4,3,1,4,4,1,2,2,4,0,4,0,0,2
480,550,4,0,1,1,2,1,3,1,4,1,0,4,4,4
481,551,3,4,0,3,3,3,1,0,3,1,2,1,3,3
482,552,3,3,4,3,2,2,4,1,0,0,0,3,0,1
483,553,4,2,2,4,1,4,4,2,0,4,1,3,4,0
484,554,3,4,1,3,0,1,4,4,1,3,1,1,1,0
485,555,0,3,0,1,1,3,1,0,1,1,1,4,3,3
486,556,1,0,2,2,3,0,1,1,4,4,0,2,2,2
487,557,0,2,2,2,0,4,1,4,1,2,0,0,2,1
488,558,3,1,3,0,4,3,0,3,2,4,2,0,0,4
489,559,4,2,3,3,2,0,0,4,2,4,4,4,4,3
490,560,4,0,2,3,1,2,3,2,3,2,2,2,0,1
491,561,2,4,1,2,4,0,2,0,0,1,3,2,2,0
492,562,1,3,2,2,3,2,0,3,0,3,2,0,0,0
493,563,1,4,4,3,1,3,3,3,1,1,1,3,4,3
494,564,0,3,1,3,2,1,4,0,4,0,2,0,0,2
495,565,0,3,3,3,4,1,4,2,0,3,3,1,4,3
496,566,2,4,2,3,0,0,3,2,1,2,2,1,3,3
497,567,4,4,2,0,1,4,3,2,4,2,0,2,1,1
498,568,1,0,3,1,4,1,1,3,0,0,4,4,0,3
499,569,3,3,0,4,0,2,1,4,3,4,0,1,2,1
500,570,3,4,3,0,4,1,4,0,3,1,2,3,4,2
501,581,0,3,4,4,1,0,4,1,1,0,1,4,1,1
502,582,3,2,4,4,4,4,1,2,0,1,1,3,3,3
503,583,2,3,1,4,2,4,3,2,2,2,0,3,1,4
504,584,2,0,0,0,3,2,2,1,2,3,0,0,2,1
505,585,0,1,0,1,0,3,2,4,4,0,2,3,3,3
506,586,1,3,0,3,4,0,0,1,0,2,3,1,2,3
507,587,3,1,2,3,0,0,1,0,0,1,1,0,4,3
508,588,1,4,0,0,0,3,4,1,3,3,1,1,1,3
509,589,4,0,0,1,1,0,0,3,4,2,0,2,1,3
510,590,0,1,1,0,0,4,4,3,1,3,1,4,4,1
511,591,1,0,0,1,0,3,4,1,1,2,1,4,0,0
512,592,3,2,4,0,0,3,1,1,3,3,3,1,2,2
513,593,3,2,2,1,2,3,4,2,3,4,4,3,0,4
514,594,0,3,1,1,4,1,1,2,3,0,2,0,4,0
515,595,1,1,0,3,4,4,2,1,4,0,0,2,3,3
516,596,2,4,1,3,0,4,1,4,0,2,4,2,2,3
517,597,1,2,2,4,4,2,2,2,2,1,0,3,1,3
518,598,3,0,0,3,2,0,0,4,3,0,4,4,1,0
519,599,2,1,2,3,0,4,0,4,3,0,0,3,4,2
520,600,0,0,4,4,4,1,3,1,1,0,1,2,0,2
521,601,0,2,1,2,3,4,4,1,1,3,4,0,1,4
522,602,1,1,1,3,3,3,0,2,2,0,2,0,3,4
523,603,3,4,1,3,2,4,2,3,3,2,3,1,0,1
524,604,4,3,3,0,2,0,0,3,1,1,1,4,0,2
525,605,2,1,3,4,2,0,3,3,1,0,0,4,4,0
526,606,4,3,0,0,3,0,2,4,1,2,0,1,0,1
527,607,3,4,2,2,4,2,1,0,1,0,0,3,4,3
528,608,2,1,2,1,1,3,2,4,0,2,0,4,4,4
529,609,3,2,3,0,4,1,1,1,0,0,1,2,2,2
530,610,3,2,2,1,1,4,3,4,0,3,1,2,1,2
531,611,2,0,2,0,4,0,0,4,0,2,3,1,4,3
532,612,3,3,3,2,2,3,1,2,1,0,3,3,4,4
533,613,0,0,1,3,2,3,3,1,2,2,1,4,0,0
534,614,2,4,2,1,3,3,0,2,4,1,3,1,4,0
535,615,4,3,3,3,3,1,2,0,1,4,4,1,2,0
536,616,3,1,1,2,3,3,4,0,4,3,2,4,2,1
537,617,1,3,3,4,3,4,0,0,2,3,0,0,2,0
538,618,0,3,2,1,3,3,0,3,3,0,0,0,2,4
539,619,2,2,4,2,0,2,2,4,3,0,3,2,4,4
540,620,3,2,4,1,1,2,1,2,4,0,1,4,4,0
541,621,1,3,2,0,4,1,0,4,1,2,4,1,4,1
542,622,3,0,4,2,0,3,4,3,2,4,2,2,4,3
543,623,1,3,4,1,2,4,4,3,2,2,3,1,4,3
544,624,2,3,4,2,2,1,0,2,1,2,2,3,4,0
545,625,1,4,3,3,1,0,3,4,3,2,3,4,0,1
546,626,3,2,1,4,1,3,4,2,1,2,3,1,2,1
547,627,1,0,2,3,4,1,3,1,2,2,4,0,1,0
548,628,2,3,0,3,3,3,1,3,4,0,0,1,1,4
549,629,1,2,0,1,2,4,2,3,2,2,0,2,0,1
550,630,1,0,4,2,4,3,3,1,0,3,1,2,1,1
551,631,4,3,4,0,2,1,0,3,3,4,2,0,4,0
552,632,0,3,2,2,3,4,2,4,0,4,3,4,2,4
553,633,1,3,2,2,2,0,0,2,4,3,3,3,1,3
554,634,0,1,0,0,1,0,3,2,3,0,1,3,4,4
555,635,3,2,2,4,4,4,1,1,4,0,1,2,3,4
556,636,2,4,2,0,3,3,2,1,4,2,1,4,1,2
557,637,1,4,3,3,3,3,1,0,4,4,0,4,4,4
558,638,2,3,1,4,0,4,0,3,0,0,2,4,2,3
559,639,3,2,2,1,2,4,3,1,0,4,2,2,3,4
560,640,4,3,2,4,2,4,1,0,4,1,1,1,0,3
561,641,2,3,0,3,2,0,2,3,3,0,1,3,3,1
562,642,2,0,4,1,4,2,2,2,2,4,2,0,4,2
563,643,3,4,1,1,0,2,3,0,0,2,0,1,4,4
564,644,3,4,0,4,3,4,0,0,1,2,4,3,4,0
565,645,4,4,3,2,3,0,0,3,4,2,1,0,3,4
566,646,4,1,0,2,0,3,3,2,0,2,1,0,1,1
567,647,0,3,0,1,2,4,3,3,0,3,3,4,2,4
568,648,0,0,1,1,4,0,2,3,0,4,4,2,3,1
569,649,0,4,4,4,2,1,3,3,4,0,1,1,1,1
570,650,0,0,4,1,3,2,3,0,0,4,0,3,1,0
571,661,3,0,4,4,1,3,1,3,3,3,0,3,2,2
572,662,2,0,3,1,4,0,0,4,3,2,4,2,1,0
573,663,2,3,2,4,1,2,1,4,2,0,0,3,1,4
574,664,2,1,3,4,4,3,2,2,4,3,4,2,1,1
575,665,1,2,4,4,4,0,4,2,1,2,3,1,0,3
576,666,0,2,3,0,4,4,2,1,0,0,3,0,1,3
577,667,2,0,3,0,3,0,3,2,1,2,0,1,3,1
578,668,1,1,4,3,0,0,1,4,2,1,4,2,4,3
579,669,4,1,2,1,0,0,2,2,4,3,1,0,3,1
580,670,0,0,2,0,3,2,4,1,0,0,4,1,0,2
581,671,3,3,4,4,4,2,4,2,2,4,4,2,3,3
582,672,0,2,0,3,4,1,2,3,1,2,0,1,3,3
583,673,1,2,0,3,2,2,1,2,2,2,3,3,4,4
584,674,0,2,1,2,1,4,1,4,4,1,1,3,1,1
585,675,2,3,4,2,0,3,3,0,3,4,0,2,2,3
586,676,3,4,3,2,4,4,0,1,2,4,1,3,3,0
587,677,4,3,1,2,0,1,3,3,4,1,1,1,0,1
588,678,4,0,1,2,3,2,2,2,2,0,1,0,0,0
589,679,1,4,4,4,2,0,0,4,0,1,0,1,3,3
590,680,3,0,1,1,1,1,1,0,3,0,1,3,1,0
591,681,2,4,3,4,1,0,1,1,1,2,4,3,2,1
592,682,0,3,1,2,1,0,3,4,0,3,3,3,0,2
593,683,2,4,4,2,4,4,0,2,3,1,3,0,0,1
594,684,4,1,1,0,0,4,2,4,2,4,0,1,2,1
595,685,1,1,0,0,0,3,3,4,3,4,2,0,3,1
596,686,1,2,3,3,4,3,3,0,2,1,2,0,4,2
597,687,2,0,2,4,0,2,3,1,2,4,1,2,4,1
598,688,3,3,2,3,0,4,3,2,1,0,1,1,2,4
599,689,2,2,1,3,2,2,4,3,2,3,1,4,3,1
600,690,0,2,0,0,0,4,4,0,2,3,2,3,2,3
601,691,2,0,3,3,4,1,4,4,3,4,4,2,3,4
602,692,0,1,4,1,2,1,1,0,2,3,1,1,0,1
603,693,3,1,1,2,0,0,1,1,4,1,2,4,4,4
604,694,1,2,0,2,1,3,2,3,2,0,3,2,3,0
605,695,3,2,0,1,2,4,4,0,4,2,0,3,1,0
606,696,4,0,3,2,1,4,2,3,3,1,1,3,2,3
607,697,1,4,1,4,1,4,1,3,4,3,0,3,1,2
608,698,4,4,4,0,3,4,1,3,4,3,3,1,0,3
609,699,1,1,4,3,2,2,3,2,0,2,0,0,1,4
610,700,3,3,0,2,0,1,2,4,2,3,0,3,3,1
611,701,3,2,4,0,4,0,0,4,0,1,2,0,1,4
612,702,2,3,2,1,4,4,1,3,3,1,1,0,4,0
613,703,3,4,0,4,1,4,2,3,2,2,1,2,4,4
614,704,4,4,3,4,2,2,4,2,4,1,4,3,3,2
615,705,1,3,0,2,3,0,4,2,2,1,4,4,4,4
616,706,4,4,4,3,2,0,4,3,0,0,3,3,4,1
617,707,3,4,4,4,4,3,2,0,3,1,2,4,0,0
618,708,0,3,0,4,1,1,1,0,1,4,1,4,1,4
619,709,2,1,4,3,3,3,0,2,2,1,2,3,3,3
620,710,3,1,1,4,3,2,3,2,3,2,3,4,1,3
621,721,2,0,2,1,2,1,3,4,1,1,4,1,1,1
622,722,2,1,0,3,4,2,2,0,2,0,1,0,1,2
623,723,2,4,2,3,1,4,0,3,2,1,4,0,0,4
624,724,2,2,4,1,0,4,2,2,0,2,3,2,0,4
625,725,2,2,1,3,1,0,4,4,0,3,3,2,0,1
626,726,2,3,0,4,2,4,0,2,4,4,3,3,4,1
627,727,0,0,0,0,4,1,4,4,3,3,2,4,3,3
628,728,1,1,0,2,0,2,2,4,3,0,4,0,0,1
629,729,3,0,3,4,1,1,4,0,1,0,3,4,1,4
630,730,1,2,3,0,4,2,4,3,1,4,0,2,1,0
631,731,4,4,3,1,3,0,4,2,4,0,0,2,4,1
632,732,4,3,3,3,2,3,3,4,2,1,1,3,1,0
633,733,4,3,4,4,4,4,3,3,0,4,3,4,1,2
634,734,1,0,3,1,1,3,0,4,0,1,2,2,0,2
635,735,3,1,0,1,3,0,3,1,1,3,0,3,0,1
636,736,0,1,1,0,1,3,4,0,0,4,2,0,2,2
637,737,0,3,2,3,1,4,1,2,0,4,0,4,1,2
638,738,2,2,0,0,0,2,3,2,4,3,2,4,3,0
639,739,1,4,2,2,2,0,1,3,1,1,4,0,3,0
640,740,4,3,2,0,0,0,0,4,2,3,4,2,4,0
641,741,3,3,1,0,2,0,2,4,1,2,4,2,2,0
642,742,2,3,0,2,3,2,1,4,2,0,4,0,1,1
643,743,2,3,1,3,3,3,4,0,0,1,0,1,2,4
644,744,1,0,3,3,0,1,4,3,0,0,4,3,3,4
645,745,4,4,1,4,1,1,0,1,3,4,0,4,2,2
646,746,3,3,0,4,2,2,0,2,4,1,4,0,2,1
647,747,3,3,0,2,1,3,0,2,0,2,3,1,0,4
648,748,2,3,3,3,3,0,1,0,4,4,4,2,4,1
649,749,0,4,0,1,3,3,4,0,2,0,2,4,2,0
650,750,2,2,4,0,0,0,3,1,4,4,1,2,1,1
651,751,0,1,2,1,0,2,3,1,3,3,2,4,3,3
652,752,2,4,4,2,0,4,1,4,4,2,4,4,0,2
653,753,4,3,0,3,3,1,3,4,2,2,3,3,4,2
654,754,2,2,0,4,2,4,0,3,2,3,1,3,4,4
655,755,1,4,3,2,1,4,3,2,2,1,4,1,0,3
656,756,1,3,1,2,4,1,1,1,3,2,1,2,2,3
657,757,0,0,1,1,2,4,0,4,3,2,0,3,0,0
658,758,1,2,2,2,1,0,1,1,4,2,0,4,1,2
659,759,2,0,0,4,3,4,1,1,2,2,0,2,4,0
660,760,3,0,4,3,0,0,4,0,3,1,4,2,0,1
661,771,3,4,1,1,1,4,3,2,3,2,1,3,3,1
662,772,3,3,4,0,1,3,1,3,0,0,0,1,0,1
663,773,1,0,3,4,2,1,1,3,4,1,0,4,2,1
664,774,3,0,4,2,0,4,1,3,0,3,0,1,0,3
665,775,4,3,4,2,2,4,0,4,4,4,0,4,0,4
666,776,3,4,3,1,3,1,1,0,3,0,4,1,3,2
667,777,4,4,3,2,2,3,4,1,1,0,3,1,1,2
668,778,2,2,3,2,0,4,0,1,4,2,3,2,4,3
669,779,4,0,1,0,4,2,1,2,2,2,4,3,3,2
670,780,2,4,3,2,2,4,1,4,1,3,2,2,2,0
671,791,2,4,0,4,1,1,2,2,3,1,1,2,0,2
672,792,1,1,4,1,0,3,1,1,1,4,0,0,0,3
673,793,3,4,0,0,4,3,3,1,3,4,3,0,3,2
674,794,3,2,4,1,1,4,1,2,0,2,2,0,4,2
675,795,3,1,2,1,4,0,3,0,3,3,3,1,1,4
676,796,3,3,0,3,1,0,4,1,2,2,4,2,4,3
677,797,0,2,0,2,4,2,4,4,0,1,4,2,1,3
678,798,2,2,2,1,4,3,3,3,2,0,4,2,1,3
679,799,3,1,1,3,3,1,4,3,2,1,1,3,1,1
680,800,1,3,3,1,3,4,2,4,3,2,3,2,3,2
681,801,1,2,2,3,0,4,4,0,3,2,3,0,1,1
682,802,0,2,2,4,2,4,4,4,0,0,2,0,2,1
683,803,2,2,0,4,4,0,1,3,3,0,3,2,3,1
684,804,2,2,3,4,2,2,4,4,4,1,1,2,4,3
685,805,0,2,4,4,0,3,4,2,4,3,4,2,0,3
686,806,3,3,3,0,1,0,2,3,0,0,3,0,0,3
687,807,3,0,3,0,1,0,4,0,2,1,4,3,1,4
688,808,0,2,1,0,0,1,1,2,3,0,1,0,4,1
689,809,1,2,3,3,4,3,1,4,2,0,1,4,3,0
690,810,3,1,3,3,0,1,1,3,2,0,0,2,3,0
691,811,0,0,0,0,2,0,3,1,0,0,0,1,1,0
692,812,1,1,3,2,4,1,1,1,1,3,4,3,4,0
693,813,0,0,3,1,2,3,2,0,1,2,3,4,4,0
694,814,0,2,4,1,1,2,4,2,4,4,1,0,3,2
695,815,0,4,3,4,2,1,0,1,2,1,4,2,2,1
696,816,2,2,3,2,0,1,3,4,2,1,0,0,0,2
697,817,1,2,3,2,2,2,1,3,0,4,0,4,0,4
698,818,3,3,3,3,2,3,3,1,0,1,1,4,3,4
699,819,3,2,2,4,3,0,1,1,0,2,3,2,4,0
700,820,0,2,2,2,4,4,0,3,2,3,4,1,0,4
701,831,2,2,4,0,3,0,3,0,2,4,3,4,3,4
702,832,4,2,1,2,1,3,3,3,0,4,4,0,3,3
703,833,2,4,2,1,2,1,2,0,0,3,2,1,0,2
704,834,2,4,0,1,0,2,1,0,3,2,3,0,3,0
705,835,1,2,3,4,2,3,3,4,1,0,0,3,2,2
706,836,0,0,2,1,3,2,2,0,2,4,2,2,1,2
707,837,2,2,4,3,0,2,3,0,1,4,4,1,1,3
708,838,1,1,0,3,1,3,4,3,2,1,4,4,2,4
709,839,3,2,2,1,1,4,0,3,4,0,2,4,1,1
710,840,4,3,3,1,4,3,3,1,0,2,0,3,2,4
711,841,3,1,1,3,0,1,0,4,2,4,4,1,4,2
712,842,4,2,4,0,1,2,0,1,4,2,0,1,3,1
713,843,0,1,2,3,2,2,1,3,0,4,3,4,2,4
714,844,3,4,0,3,1,2,2,3,2,4,4,0,0,3
715,845,0,2,1,4,4,1,3,4,2,3,4,3,1,1
716,846,0,1,3,0,0,0,4,3,2,3,2,3,0,4
717,847,4,2,2,0,1,3,3,0,1,1,0,3,0,4
718,848,1,2,1,3,1,0,4,4,0,2,3,2,4,2
719,849,1,4,1,4,1,4,3,4,1,4,2,2,2,2
720,850,0,3,4,3,2,3,1,2,2,4,2,0,2,3
721,851,3,4,2,3,4,3,3,1,4,3,1,0,2,0
722,852,4,0,4,4,2,1,4,4,4,1,4,1,1,4
723,853,3,0,3,2,4,4,0,1,1,0,4,2,3,0
724,854,1,1,0,1,1,4,1,2,3,3,4,2,2,3
725,855,2,1,1,0,1,2,1,3,1,0,2,0,1,2
726,856,4,2,4,3,4,3,4,0,2,4,0,0,0,4
727,857,4,4,1,0,2,1,1,2,1,4,3,1,2,0
728,858,4,4,1,3,0,4,0,4,4,0,3,0,4,1
729,859,2,2,2,0,4,3,4,3,4,0,2,1,2,0
730,860,0,3,2,2,1,4,1,3,2,0,3,0,2,2
731,861,1,4,4,1,0,2,1,0,4,3,4,4,3,1
732,862,4,2,0,0,3,1,4,1,2,0,4,3,4,2
733,863,1,4,0,0,1,3,0,1,4,1,4,4,0,3
734,864,3,1,4,4,2,4,4,0,2,4,4,1,4,4
735,865,3,3,1,0,4,0,2,2,2,3,0,3,4,1
736,866,1,0,0,3,1,4,2,4,3,3,3,1,2,1
737,867,4,0,4,4,0,2,1,0,4,4,3,2,0,1
738,868,4,1,2,3,2,3,0,0,2,4,1,4,4,4
739,869,3,3,4,4,1,1,1,2,4,1,2,4,1,2
740,870,2,3,2,0,0,1,4,4,3,2,3,1,4,0
741,871,2,0,1,4,2,2,2,2,0,3,4,1,2,0
742,872,1,2,1,0,2,1,3,3,4,3,0,4,4,4
743,873,1,4,3,3,3,2,1,4,4,0,4,0,1,0
744,874,3,1,1,4,0,3,4,0,2,0,3,3,4,3
745,875,0,0,4,1,4,2,1,3,4,2,2,4,1,0
746,876,1,4,4,1,3,2,2,1,0,4,0,2,1,2
747,877,1,1,4,3,4,4,2,4,2,3,3,3,0,3
748,878,0,4,3,1,2,3,1,1,3,3,1,4,2,4
749,879,4,3,0,4,2,1,1,2,0,1,3,0,0,4
750,880,2,0,4,3,3,2,3,2,1,0,0,2,1,3
751,891,2,3,0,0,4,0,1,4,1,4,0,0,1,4
752,892,1,2,4,4,1,4,3,1,4,1,3,2,2,4
753,893,0,1,2,1,4,1,1,3,2,1,3,4,4,1
754,894,1,4,3,0,0,4,1,1,0,4,2,1,3,2
755,895,4,3,4,4,1,3,1,1,2,4,1,1,2,4
756,896,0,3,2,4,2,0,2,0,3,2,4,1,4,3
757,897,0,2,3,2,0,2,2,1,3,0,2,0,1,0
758,898,3,0,0,3,2,3,4,2,3,4,4,1,4,1
759,899,2,0,0,4,4,1,4,4,3,1,3,1,0,4
760,900,3,2,4,1,1,1,0,1,2,0,4,1,0,1
761,911,4,4,0,0,2,2,1,1,2,1,0,4,3,4
762,912,3,3,3,3,0,3,4,0,1,2,4,2,3,1
763,913,4,4,2,4,0,0,3,2,3,2,0,3,4,0
764,914,2,0,2,1,2,3,0,2,3,0,4,0,2,3
765,915,4,0,0,4,1,3,3,0,1,2,1,3,1,0
766,916,0,4,3,1,1,0,3,3,3,1,4,0,0,2
767,917,0,1,4,3,1,0,3,3,4,3,0,2,3,2
768,918,3,3,4,2,3,1,2,1,2,0,2,2,1,2
769,919,0,2,2,3,1,2,0,4,2,1,4,1,1,1
770,920,1,2,2,4,4,0,3,4,4,3,1,4,3,3
771,921,2,2,1,2,4,2,4,4,0,2,1,1,1,1
772,922,4,1,1,1,3,4,0,2,1,3,3,3,2,1
773,923,1,1,2,3,2,1,3,3,3,2,0,4,0,0
774,924,2,0,4,3,3,3,2,4,4,3,2,2,3,1
775,925,2,0,4,0,0,0,4,4,3,0,1,3,0,1
776,926,0,3,3,1,3,4,3,4,0,2,1,0,4,0
777,927,3,1,4,4,1,3,0,4,4,1,2,1,2,3
778,928,0,4,1,1,4,0,4,1,2,0,3,2,1,2
779,929,3,2,0,0,4,4,2,0,0,1,3,3,0,4
780,930,0,4,3,0,4,0,1,2,3,3,4,3,1,1
781,931,4,1,2,3,3,4,3,3,1,1,3,1,1,0
782,932,4,2,0,0,4,4,3,2,1,0,0,2,2,0
783,933,3,2,3,2,4,2,0,4,2,0,4,1,3,0
784,934,4,3,1,1,2,0,3,2,4,0,1,1,3,3
785,935,2,4,0,2,3,4,1,2,4,0,2,0,3,4
786,936,1,0,4,2,0,3,1,4,0,4,3,4,3,1
787,937,4,3,1,1,1,0,1,0,1,2,2,3,2,2
788,938,1,3,2,2,3,2,1,3,0,4,1,1,1,0
789,939,1,3,0,4,1,0,3,1,0,3,4,3,1,0
790,940,1,4,2,0,0,0,0,4,0,4,4,1,1,3
791,941,0,4,3,4,3,1,1,0,1,0,4,2,3,2
792,942,3,3,2,2,2,0,1,0,3,0,0,4,4,0
793,943,3,3,3,4,3,2,4,1,1,4,1,3,4,0
794,944,4,0,1,1,4,4,0,2,0,3,2,2,2,3
795,945,1,1,0,1,3,3,2,4,1,0,0,1,2,4
796,946,4,2,0,3,4,2,4,0,0,1,3,0,3,0
797,947,3,4,1,2,0,3,2,0,0,4,4,4,4,0
798,948,0,1,4,2,2,3,1,1,2,0,3,3,3,3
799,949,1,4,1,1,1,1,1,0,1,0,4,3,4,4
800,950,1,3,4,0,2,3,0,3,2,2,1,1,0,1
801,951,1,1,4,1,2,1,3,3,0,1,0,3,1,3
802,952,2,4,2,4,2,2,2,3,0,3,0,4,0,2
803,953,3,3,0,2,4,1,3,4,3,4,2,4,4,0
804,954,2,1,4,3,2,0,3,4,4,0,2,4,4,0
805,955,2,2,0,2,3,0,4,1,1,4,3,4,1,1
806,956,4,1,2,2,4,1,4,4,3,2,4,3,2,2
807,957,3,3,0,0,3,3,3,4,0,1,2,2,2,0
808,958,1,0,0,1,1,2,1,3,1,1,1,0,2,2
809,959,0,1,1,1,3,0,4,3,0,3,0,2,1,3
810,960,3,2,3,1,4,1,1,3,2,2,2,2,4,4
811,961,3,2,1,4,0,2,2,0,2,0,0,1,0,4
812,962,4,4,0,3,3,1,0,4,4,0,2,1,2,4
813,963,2,2,1,0,1,3,2,4,3,4,0,1,1,1
814,964,3,0,1,0,4,1,0,3,1,4,1,2,2,1
815,965,1,2,2,2,4,1,4,3,2,3,2,1,4,0
816,966,4,2,1,3,2,4,3,0,0,1,2,3,4,1
817,967,0,3,2,1,2,1,4,3,1,3,3,2,4,3
818,968,0,4,2,1,1,1,3,4,1,2,3,1,1,2
819,969,3,4,3,1,2,4,2,1,1,1,4,4,1,3
820,970,4,1,1,3,3,3,0,3,0,3,1,0,1,4
821,971,1,4,2,4,3,2,0,0,3,3,1,4,3,3
822,972,1,4,4,4,4,1,4,1,3,3,4,4,1,4
823,973,2,2,0,0,0,1,3,1,1,0,0,0,1,3
824,974,0,3,3,2,1,2,4,4,3,0,3,0,0,2
825,975,1,2,3,1,1,1,1,3,4,2,1,4,0,2
826,976,3,3,4,4,0,2,3,0,2,0,4,4,4,1
827,977,0,4,1,0,3,2,0,0,2,2,4,4,4,1
828,978,4,1,3,3,4,1,4,4,2,4,3,3,4,4
829,979,3,3,0,0,4,1,3,0,1,0,3,1,0,3
830,980,1,1,0,4,1,1,4,4,4,4,2,0,1,2
831,981,2,4,4,2,3,3,3,1,4,0,2,4,3,4
832,982,1,1,1,3,0,2,1,3,2,4,3,2,4,4
833,983,0,0,4,2,0,1,4,1,4,0,2,3,0,0
834,984,1,3,4,1,2,1,1,4,2,0,1,4,4,0
835,985,3,1,3,0,3,1,3,4,2,4,2,2,4,2
836,986,0,4,0,4,2,4,2,3,0,4,0,1,2,3
837,987,3,2,2,1,2,1,0,4,2,2,2,3,3,0
838,988,3,2,1,1,1,0,2,1,3,4,2,0,1,0
839,989,1,4,0,3,3,3,0,1,4,4,1,2,1,1
840,990,0,1,1,4,3,4,3,2,2,1,3,2,2,4
841,1001,1,4,3,2,3,3,4,2,2,0,2,0,2,1
842,1002,2,2,0,1,0,3,1,0,2,4,1,2,3,2
843,1003,3,4,0,0,4,4,1,0,4,0,4,3,2,3
844,1004,3,2,3,1,0,3,3,0,0,4,4,4,4,4
845,1005,0,4,3,4,4,4,3,0,0,1,3,3,1,4
846,1006,1,1,2,0,2,4,1,3,4,4,4,3,3,4
847,1007,3,0,4,0,2,1,4,0,2,1,0,1,2,4
848,1008,2,0,0,3,4,1,4,1,1,1,4,0,4,1
849,1009,0,3,2,1,2,2,1,4,2,4,3,1,1,3
850,1010,0,3,2,2,2,4,2,1,0,3,4,2,1,4
851,1011,0,3,3,1,1,4,4,1,0,3,3,4,3,0
852,1012,1,4,4,0,1,2,1,4,0,2,1,0,0,2
853,1013,2,0,0,1,0,4,4,0,3,1,4,3,1,0
854,1014,0,1,3,4,1,2,3,2,0,1,0,4,4,1
855,1015,3,0,1,4,4,1,0,4,4,4,2,1,0,1
856,1016,3,2,4,0,4,1,4,3,2,4,1,1,3,2
857,1017,3,1,4,2,0,3,4,4,0,3,2,0,0,3
858,1018,2,4,3,1,2,2,0,3,0,3,3,0,3,1
859,1019,3,2,1,1,0,2,2,2,1,0,2,2,3,2
860,1020,4,1,4,0,4,4,1,2,1,1,3,4,2,0
861,1021,0,0,2,1,3,0,1,3,1,3,3,3,3,1
862,1022,4,2,1,1,3,0,4,4,1,4,2,3,2,4
863,1023,2,3,2,1,3,0,0,4,2,2,3,4,1,4
864,1024,0,0,2,1,3,2,0,2,4,4,1,3,1,0
865,1025,4,4,4,4,2,4,4,0,0,3,2,0,4,1
866,1026,1,0,0,1,4,3,1,3,0,2,0,4,1,1
867,1027,3,1,3,2,3,2,4,2,4,4,3,3,1,0
868,1028,1,1,4,1,1,4,2,2,2,4,0,1,1,3
869,1029,0,3,4,3,3,0,3,3,4,2,2,4,1,4
870,1030,4,1,2,3,0,3,2,0,2,0,4,2,0,3
871,1031,1,4,1,0,1,3,0,4,4,1,2,0,3,2
872,1032,3,0,4,1,4,3,4,2,4,0,3,4,4,0
873,1033,0,2,2,4,3,1,4,4,3,4,2,0,4,0
874,1034,1,2,2,4,0,3,2,4,0,2,2,3,0,4
875,1035,3,3,2,4,4,2,3,1,3,3,0,0,3,0
876,1036,2,2,4,0,0,2,1,3,1,4,2,1,2,2
877,1037,3,0,4,2,4,1,2,4,1,3,1,3,0,4
878,1038,3,0,3,4,3,1,3,0,0,2,4,2,2,3
879,1039,1,1,4,1,1,0,4,3,1,1,0,3,0,0
880,1040,2,0,3,1,0,0,2,2,3,0,3,4,1,4
881,1051,1,4,2,0,4,0,3,0,0,4,4,1,4,0
882,1052,2,4,3,4,3,4,1,3,2,2,1,1,0,2
883,1053,1,3,0,0,2,3,0,3,2,0,2,4,3,3
884,1054,1,1,0,2,3,1,0,2,1,2,0,1,1,0
885,1055,0,1,1,0,3,3,4,3,0,4,0,1,1,0
886,1056,0,1,0,3,3,2,3,1,0,1,4,3,2,0
887,1057,3,2,3,2,1,3,1,1,0,3,2,1,3,4
888,1058,3,1,4,1,0,4,2,2,1,1,2,2,3,1
889,1059,0,4,1,1,3,4,2,2,3,4,3,2,3,2
890,1060,1,0,0,1,4,0,3,4,4,3,2,1,3,1
891,1071,1,0,0,4,3,0,2,2,2,0,1,2,2,0
892,1072,2,0,4,3,2,3,0,1,1,0,2,3,4,4
893,1073,1,4,1,0,3,3,0,0,0,3,4,3,1,4
894,1074,3,3,4,1,3,3,4,1,2,0,4,3,2,0
895,1075,3,1,0,3,2,4,3,4,4,0,4,2,1,4
896,1076,1,1,4,0,3,4,3,2,3,1,0,2,0,4
897,1077,0,0,0,4,0,2,2,1,1,2,0,1,4,2
898,1078,3,0,1,1,0,4,4,2,1,1,4,3,3,1
899,1079,4,4,0,1,1,0,3,2,1,3,1,4,3,1
900,1080,3,3,4,2,4,4,0,0,4,2,2,2,4,3
901,1081,2,0,3,0,1,0,4,2,4,0,2,2,0,3
902,1082,2,2,3,2,0,0,3,4,2,4,0,1,1,3
903,1083,4,4,3,4,0,4,4,1,4,2,1,1,2,1
904,1084,3,1,3,3,4,2,1,0,1,4,0,4,4,4
905,1085,0,4,3,2,0,0,1,1,0,3,0,2,1,3
906,1086,4,4,2,4,1,3,0,1,1,4,4,2,2,0
907,1087,4,1,3,3,0,4,3,4,4,4,1,3,0,1
908,1088,2,0,3,3,3,0,2,2,0,1,4,3,2,2
909,1089,3,1,0,1,2,2,3,1,1,0,0,2,1,2
910,1090,1,1,0,4,2,0,4,3,2,2,2,2,1,1
911,1101,1,0,4,4,2,0,4,0,3,0,3,4,4,3
912,1102,3,4,4,4,4,1,0,0,0,4,1,4,4,4
913,1103,1,3,0,3,1,4,0,2,0,0,3,3,3,4
914,1104,0,4,0,1,1,3,2,4,3,1,3,3,4,2
915,1105,4,2,0,4,3,3,3,0,1,4,0,2,3,2
916,1106,2,3,2,3,4,3,1,0,4,0,1,3,2,4
917,1107,3,2,3,1,3,4,1,1,4,4,2,4,4,0
918,1108,0,3,0,3,4,2,3,4,0,4,2,2,0,4
919,1109,1,1,4,1,1,2,4,3,1,0,3,2,4,0
920,1110,1,1,1,3,0,4,4,4,0,1,2,2,3,4
921,1111,3,3,2,4,4,2,4,2,2,1,0,2,1,3
922,1112,2,1,2,3,0,3,1,0,2,3,4,3,4,3
923,1113,3,0,3,1,4,2,0,1,1,0,3,1,3,2
924,1114,1,4,0,1,0,4,1,3,0,3,3,3,4,1
925,1115,3,4,4,2,4,4,3,3,2,1,3,2,1,1
926,1116,2,1,0,0,3,2,4,4,3,0,2,0,2,3
927,1117,3,2,3,3,4,3,1,2,4,3,4,4,0,2
928,1118,0,0,0,4,2,3,2,2,0,4,4,3,0,2
929,1119,0,4,2,0,1,4,1,0,3,3,3,3,3,4
930,1120,4,0,1,1,4,1,3,0,2,1,0,4,1,2
931,1121,2,2,0,2,4,4,1,1,3,2,1,2,4,3
932,1122,2,1,4,1,0,2,2,0,4,0,0,2,1,4
933,1123,4,2,4,0,1,2,3,1,4,1,3,4,1,3
934,1124,3,1,2,4,2,1,4,4,0,2,2,1,3,0
935,1125,0,2,1,2,0,3,3,4,4,2,4,0,4,0
936,1126,3,4,4,0,3,0,2,0,3,2,3,3,3,3
937,1127,3,2,2,1,0,3,2,4,2,4,4,0,2,2
938,1128,0,0,2,4,3,0,3,3,3,4,2,2,4,2
939,1129,4,0,2,4,2,3,1,0,2,3,2,1,4,3
940,1130,0,1,0,3,2,4,3,2,4,0,1,2,3,4
941,1131,1,3,1,3,1,4,4,0,4,0,2,1,2,3
942,1132,1,2,2,0,1,2,1,3,1,1,0,2,3,0
943,1133,2,2,2,4,0,0,0,3,4,2,0,2,2,3
944,1134,0,2,1,1,3,3,3,3,3,2,0,0,4,0
945,1135,1,1,2,3,2,4,1,2,0,0,0,2,4,2
946,1136,0,1,1,4,3,3,0,4,0,4,2,0,4,1
947,1137,2,0,4,0,2,2,4,4,1,2,3,2,1,0
948,1138,4,1,2,4,0,2,1,2,2,2,3,2,3,1
949,1139,3,4,1,2,3,1,0,0,3,2,3,4,4,0
950,1140,1,3,3,0,3,3,1,3,1,0,4,4,2,4
951,1151,1,4,1,1,1,3,0,4,0,2,1,3,4,4
952,1152,3,2,3,1,1,2,2,2,1,3,4,0,0,3
953,1153,3,0,3,1,4,3,0,3,2,4,1,0,3,0
954,1154,3,1,1,0,1,3,1,4,3,3,2,1,4,3
955,1155,3,3,2,3,2,2,2,2,4,2,1,1,2,1
956,1156,2,1,3,3,0,3,1,1,1,1,3,1,4,0
957,1157,3,1,0,4,3,1,3,4,4,4,2,0,4,3
958,1158,3,4,1,4,4,2,3,3,3,3,3,3,0,1
959,1159,4,3,3,3,4,0,2,1,0,2,4,3,4,0
960,1160,4,0,2,2,4,3,4,1,4,3,3,1,0,0
961,1171,2,2,1,0,2,2,1,4,3,0,0,3,2,0
962,1172,4,4,0,2,0,0,0,3,4,0,2,1,1,3
963,1173,0,0,3,3,2,0,3,1,3,3,0,2,0,1
964,1174,4,3,0,2,2,3,0,3,3,2,4,2,2,1
965,1175,4,4,0,4,4,4,4,3,3,1,4,2,4,0
966,1176,1,4,1,3,1,3,0,0,1,4,1,4,3,1
967,1177,1,4,1,2,4,1,1,4,1,3,3,0,1,0
968,1178,3,1,4,2,2,3,0,3,2,2,2,0,1,3
969,1179,3,2,0,3,4,1,3,4,4,3,3,3,4,3
970,1180,2,3,3,2,3,4,4,1,2,3,1,3,1,3
971,1181,0,4,3,1,2,4,4,1,1,0,0,1,1,2
972,1182,2,0,2,1,0,4,3,4,1,0,3,3,0,1
973,1183,0,2,1,0,1,2,1,3,4,3,2,0,3,3
974,1184,2,3,0,3,4,3,0,1,3,0,0,4,3,1
975,1185,2,2,3,0,4,0,3,1,4,0,3,1,1,3
976,1186,0,2,3,2,2,2,3,4,1,4,0,3,4,3
977,1187,1,2,2,2,0,1,0,1,1,3,1,2,2,3
978,1188,2,1,1,0,0,1,1,0,1,0,2,3,0,1
979,1189,4,1,4,0,2,4,1,2,0,1,4,1,4,1
980,1190,3,0,4,0,1,3,4,2,1,1,4,1,0,3
981,1191,2,2,0,4,1,2,4,4,2,2,1,2,2,2
982,1192,1,1,1,0,1,1,3,0,2,1,3,2,0,1
983,1193,2,1,1,1,4,3,1,1,3,0,1,1,4,4
984,1194,2,1,4,2,1,2,2,2,2,3,3,0,1,2
985,1195,0,3,4,3,2,2,1,4,2,4,1,2,0,1
986,1196,1,0,4,3,1,1,3,2,3,0,3,2,4,1
987,1197,3,1,1,2,1,1,1,1,0,1,2,4,0,1
988,1198,4,3,1,1,0,3,0,4,4,3,4,1,3,3
989,1199,3,3,4,1,2,3,4,4,0,3,0,4,1,2
990,1200,4,4,2,3,0,3,1,3,0,1,0,3,1,3
991,1201,1,4,0,1,2,1,0,4,3,3,4,0,4,4
992,1202,3,0,0,4,4,3,4,3,0,2,2,1,3,1
993,1203,1,3,4,1,2,1,1,0,0,2,4,1,3,1
994,1204,0,1,2,4,2,2,4,3,1,0,1,4,3,1
995,1205,3,2,3,4,1,2,2,3,0,1,1,3,4,4
996,1206,0,3,1,3,3,4,0,3,3,3,4,3,3,0
997,1207,2,4,2,3,1,1,1,1,0,3,2,1,2,1
998,1208,4,1,2,2,0,1,4,3,2,4,3,2,2,4
999,1209,0,1,2,1,4,0,0,3,0,1,2,1,1,3
1000,1210,3,3,4,2,2,3,3,0,2,0,0,4,4,1
1001,1211,3,2,3,3,0,0,4,3,1,3,1,4,0,2
1002,1212,4,4,0,3,2,0,4,4,3,0,3,3,2,4
1003,1213,2,0,2,2,4,4,2,2,0,0,3,1,0,4
1004,1214,2,1,2,2,0,3,2,2,0,0,2,4,0,3
1005,1215,2,2,0,2,0,3,4,2,1,3,2,3,2,3
1006,1216,0,3,3,0,0,0,1,0,3,1,3,3,2,3
1007,1217,4,0,3,3,4,1,1,0,2,3,3,3,1,4
1008,1218,2,3,0,0,4,0,4,1,3,3,4,0,4,0
1009,1219,0,3,4,3,2,1,3,4,2,4,4,0,1,2
1010,1220,3,0,2,4,4,3,0,0,0,4,0,1,4,2
1011,1231,1,1,1,2,1,4,1,2,0,3,4,4,4,3
1012,1232,0,4,1,0,4,1,1,1,4,3,1,0,2,4
1013,1233,3,0,1,0,2,0,4,1,2,2,1,0,2,4
1014,1234,2,2,1,3,0,2,1,0,4,1,0,1,3,0
1015,1235,1,3,2,3,4,3,3,3,4,3,4,2,3,1
1016,1236,2,1,1,3,2,0,3,2,0,0,1,1,4,3
1017,1237,1,3,0,2,1,2,0,4,1,3,4,3,0,0
1018,1238,3,3,2,4,2,2,2,4,0,4,4,0,0,3
1019,1239,4,2,0,1,0,3,0,1,2,4,4,2,4,3
1020,1240,2,3,2,1,2,4,1,4,0,3,0,2,3,0
1021,1241,3,0,3,4,1,0,2,1,2,2,2,0,2,2
1022,1242,3,4,1,4,1,1,3,4,2,2,1,1,4,4
1023,1243,3,3,1,1,2,4,0,0,4,0,1,1,2,4
1024,1244,1,4,3,4,4,3,3,3,1,3,1,4,4,3
1025,1245,3,4,1,4,3,4,3,4,3,1,2,3,3,4
1026,1246,3,3,0,4,0,0,4,4,2,2,4,1,1,3
1027,1247,1,3,4,1,2,3,3,2,2,2,3,1,2,2
1028,1248,2,4,2,1,1,0,3,0,0,4,0,1,0,4
1029,1249,3,0,1,0,1,1,3,0,1,3,0,1,2,0
1030,1250,3,4,1,4,1,3,1,0,0,4,2,1,0,4
1031,1251,2,0,3,3,2,4,1,4,1,1,2,2,4,1
1032,1252,4,0,3,2,3,2,4,2,4,0,1,2,0,3
1033,1253,4,4,1,3,2,2,3,3,0,2,1,3,4,4
1034,1254,2,4,4,1,4,0,3,1,0,1,1,0,0,2
1035,1255,4,2,4,4,4,4,4,3,2,3,2,3,4,2
1036,1256,3,1,2,3,3,3,3,2,2,3,4,2,4,0
1037,1257,2,1,4,4,2,1,4,0,0,0,0,0,3,0
1038,1258,4,1,0,2,1,4,4,2,0,0,0,2,3,0
1039,1259,4,3,0,3,3,4,1,1,3,2,3,4,2,4
1040,1260,4,4,1,1,1,0,3,1,2,3,3,2,3,0
1041,1261,3,4,0,3,3,3,0,4,3,0,4,0,1,2
1042,1262,4,3,1,3,1,3,2,2,3,4,0,2,0,0
1043,1263,0,2,4,2,0,4,1,2,3,4,3,1,1,3
1044,1264,0,1,2,1,3,0,0,1,2,3,0,1,2,0
1045,1265,0,2,4,3,4,4,4,0,1,0,3,0,0,3
1046,1266,1,4,3,2,4,4,1,1,0,3,4,3,1,1
1047,1267,0,1,1,0,2,1,4,1,1,2,4,4,2,1
1048,1268,4,4,3,0,1,3,4,4,2,4,4,3,3,4
1049,1269,3,4,1,1,1,0,4,4,3,4,2,2,4,1
1050,1270,4,1,2,0,4,0,0,1,0,3,2,3,0,2
1051,1271,1,4,2,1,0,1,3,2,3,0,1,1,0,1
1052,1272,0,4,0,4,0,4,3,0,0,1,0,0,1,3
1053,1273,3,1,2,3,1,0,1,2,4,4,4,3,2,2
1054,1274,3,1,2,4,2,0,1,2,3,2,3,3,0,1
1055,1275,4,0,4,3,0,1,1,4,0,1,0,1,3,4
1056,1276,4,0,1,2,0,0,2,3,4,4,1,0,3,1
1057,1277,2,3,3,4,3,3,4,1,4,4,3,3,4,3
1058,1278,4,3,3,3,3,3,1,3,0,1,2,3,1,2
1059,1279,4,4,2,0,1,1,4,3,1,1,3,4,0,2
1060,1280,3,2,1,4,3,1,2,0,3,4,1,3,3,1
1061,1281,4,2,2,2,2,1,4,3,3,3,2,4,3,3
1062,1282,1,0,4,3,2,0,1,0,2,1,1,0,1,4
1063,1283,2,2,1,2,1,4,1,3,2,1,2,4,4,4
1064,1284,0,4,2,4,1,0,0,2,1,0,1,4,3,2
1065,1285,1,3,2,0,1,3,3,4,4,3,4,1,2,4
1066,1286,3,4,1,1,1,4,2,1,1,0,1,1,3,4
1067,1287,3,0,0,2,0,1,4,2,4,1,3,0,3,2
1068,1288,0,3,4,3,1,4,3,4,2,1,3,3,0,4
1069,1289,4,2,1,0,4,0,0,4,0,2,1,1,2,4
1070,1290,0,0,4,3,3,0,2,2,1,3,3,1,1,2
1071,1291,2,0,0,1,0,3,2,3,1,0,0,1,3,4
1072,1292,2,0,2,1,2,0,3,1,2,3,2,2,3,4
1073,1293,2,2,3,4,3,2,3,0,3,1,0,2,0,2
1074,1294,1,1,2,3,4,3,0,4,2,4,4,4,1,2
1075,1295,1,4,2,1,2,3,2,3,0,1,0,1,1,1
1076,1296,0,1,3,2,4,4,3,1,4,1,2,0,0,4
1077,1297,0,2,3,3,0,1,0,2,1,2,1,4,3,1
1078,1298,4,2,2,4,2,4,3,4,2,0,0,1,4,4
1079,1299,1,2,3,4,2,3,0,0,1,4,2,4,1,0
1080,1300,0,0,4,4,0,2,3,1,3,4,4,2,4,0
1081,1301,4,2,0,3,1,4,3,3,4,1,2,3,2,4
1082,1302,4,4,3,4,1,2,2,1,2,4,1,2,3,4
1083,1303,0,0,3,2,0,1,2,3,3,3,2,4,2,0
1084,1304,1,1,4,2,3,4,3,3,4,1,1,1,0,3
1085,1305,1,4,4,2,3,4,0,1,0,4,3,0,0,0
1086,1306,1,3,1,2,2,3,0,4,2,0,3,1,4,3
1087,1307,1,4,2,0,3,4,0,0,3,0,1,1,4,4
1088,1308,4,3,0,2,0,3,1,2,4,3,4,3,2,4
1089,1309,0,0,0,2,1,1,3,1,2,1,2,2,0,3
1090,1310,2,4,4,1,4,3,4,3,3,4,1,4,4,1
1091,1311,4,4,2,4,0,2,3,3,3,2,2,2,3,0
1092,1312,2,4,1,1,4,2,3,3,4,2,0,3,4,4
1093,1313,2,3,0,2,4,2,1,3,1,1,3,3,4,4
1094,1314,4,4,3,3,4,0,1,0,3,1,4,1,3,4
1095,1315,1,1,1,0,0,1,0,1,4,2,3,2,3,4
1096,1316,4,3,4,3,2,1,0,0,0,0,3,2,2,1
1097,1317,4,1,1,0,3,0,2,3,2,1,2,1,0,4
1098,1318,4,2,0,0,2,4,0,0,4,0,2,0,3,4
1099,1319,3,3,1,1,2,3,2,2,4,3,0,1,1,2
1100,1320,1,2,4,0,0,1,0,3,2,4,4,0,3,2
1101,1321,4,4,0,0,0,4,4,4,2,2,2,4,3,3
1102,1322,1,2,3,4,2,2,3,0,0,4,3,1,2,4
1103,1323,1,0,3,1,4,4,2,4,4,3,1,3,4,0
1104,1324,0,3,0,2,1,1,4,4,0,2,2,2,2,2
1105,1325,2,3,2,4,0,3,3,2,2,3,4,4,0,0
1106,1326,4,2,1,3,0,1,4,4,3,0,0,3,0,2
1107,1327,2,4,4,4,0,4,3,2,4,4,3,1,1,2
1108,1328,2,4,3,4,4,4,0,3,3,0,3,3,1,0
1109,1329,3,1,1,4,2,2,1,2,2,2,0,4,0,0
1110,1330,3,1,0,2,0,2,2,4,1,4,1,2,2,4
1111,1331,4,1,2,4,3,4,1,4,0,3,1,1,0,1
1112,1332,4,3,3,1,4,0,0,0,1,3,2,3,1,0
1113,1333,4,2,2,4,3,3,2,3,2,4,4,3,0,2
1114,1334,3,2,2,2,2,3,4,1,3,2,4,4,4,3
1115,1335,2,4,1,1,2,1,3,4,0,3,1,3,4,1
1116,1336,0,1,0,0,0,2,1,4,1,3,4,0,3,1
1117,1337,3,3,1,4,0,2,1,2,1,1,4,0,2,1
1118,1338,2,0,4,0,2,3,2,1,0,4,2,0,2,3
1119,1339,2,4,4,3,3,2,4,2,3,0,0,4,1,4
1120,1340,2,1,3,1,0,1,2,1,3,3,0,1,3,2
1121,1351,1,4,4,4,0,0,2,0,2,0,2,0,1,0
1122,1352,4,4,1,2,3,4,0,3,4,1,0,0,1,4
1123,1353,3,3,4,2,2,3,4,2,2,4,2,2,3,0
1124,1354,0,3,1,2,4,2,0,1,1,0,0,2,3,0
1125,1355,3,4,0,0,2,0,1,3,0,2,0,4,4,2
1126,1356,2,1,1,2,4,2,1,3,4,4,3,4,4,0
1127,1357,4,3,3,2,4,1,2,1,2,0,1,3,3,2
1128,1358,1,0,3,2,1,0,3,4,3,1,4,4,0,2
1129,1359,2,3,4,4,0,0,4,4,0,3,3,2,3,1
1130,1360,3,4,3,3,2,1,2,1,3,0,0,2,3,0
1131,1361,2,2,4,2,1,2,0,0,3,1,4,4,0,1
1132,1362,2,3,2,3,4,0,3,4,1,2,4,3,3,4
1133,1363,0,0,0,2,0,2,1,4,4,1,3,3,0,3
1134,1364,3,2,1,3,1,2,2,0,0,0,4,3,0,3
1135,1365,4,4,0,2,0,0,2,3,4,3,2,4,4,4
1136,1366,0,0,0,3,2,2,2,4,2,0,1,1,1,3
1137,1367,2,0,2,4,3,1,0,0,0,3,3,2,1,4
1138,1368,4,0,3,2,3,3,2,0,2,3,0,0,0,4
1139,1369,2,1,0,4,1,2,3,0,2,4,1,0,3,1
1140,1370,4,1,3,2,3,0,4,2,1,4,1,3,3,0
1141,1371,3,2,0,1,3,1,4,1,4,0,1,0,1,0
1142,1372,0,3,3,1,1,0,4,2,3,0,4,1,2,0
1143,1373,2,1,2,3,4,0,2,3,1,2,3,4,2,0
1144,1374,1,0,4,2,2,2,4,0,3,3,0,1,3,4
1145,1375,4,0,1,2,4,4,1,1,1,1,1,0,0,0
1146,1376,3,2,2,2,1,3,4,4,0,1,4,2,0,1
1147,1377,2,4,2,0,3,1,4,2,2,1,1,4,2,0
1148,1378,4,0,2,2,4,2,1,2,3,2,0,1,2,0
1149,1379,3,1,1,1,3,1,0,1,2,1,0,2,3,3
1150,1380,3,0,0,0,2,1,3,3,3,1,4,2,1,1
1151,1381,3,4,0,0,0,0,0,1,2,0,0,2,2,0
1152,1382,0,0,1,3,3,0,1,1,1,3,2,1,0,2
1153,1383,0,3,3,1,1,0,0,4,1,2,0,0,2,0
1154,1384,0,4,2,3,0,0,2,3,0,3,3,1,2,2
1155,1385,1,4,1,4,0,0,2,4,1,3,0,1,0,0
1156,1386,3,0,3,3,1,1,1,4,1,0,0,1,2,3
1157,1387,0,1,0,1,2,3,0,2,3,0,3,1,0,2
1158,1388,4,1,0,4,4,1,1,4,3,1,1,2,4,4
1159,1389,2,2,3,3,2,2,0,1,0,0,2,0,0,2
1160,1390,0,1,2,0,3,4,2,0,1,2,4,1,1,3
1161,1391,2,2,2,1,4,0,0,4,3,2,2,2,1,4
1162,1392,2,3,4,3,1,3,4,4,4,2,1,2,0,4
1163,1393,3,2,4,0,4,3,1,2,0,4,2,3,4,3
1164,1394,2,1,0,3,4,2,3,1,3,0,1,0,3,1
1165,1395,1,3,2,1,4,1,2,1,4,1,1,1,2,3
1166,1396,3,3,1,1,3,1,3,0,2,3,4,4,1,1
1167,1397,4,1,2,3,3,2,2,1,2,2,0,2,1,3
1168,1398,3,0,2,2,4,4,0,1,4,3,2,3,4,3
1169,1399,4,1,2,1,3,0,2,4,4,0,1,3,4,1
1170,1400,3,2,2,1,3,4,3,3,0,3,4,2,2,0
1171,1401,2,2,0,4,0,4,3,2,4,2,0,3,2,0
1172,1402,0,1,3,2,0,2,2,0,1,3,3,4,2,2
1173,1403,2,2,2,1,4,3,0,3,1,3,4,1,0,1
1174,1404,3,3,2,3,1,2,4,0,3,4,4,0,1,3
1175,1405,3,4,1,2,4,1,1,0,0,0,0,0,4,3
1176,1406,0,2,3,4,2,2,0,1,3,1,0,1,1,3
1177,1407,3,0,1,4,4,1,3,3,2,0,2,0,2,2
1178,1408,3,0,3,2,2,1,2,2,4,2,1,2,1,3
1179,1409,2,0,0,0,3,1,4,3,3,3,0,2,1,2
1180,1410,3,2,4,4,3,3,1,2,0,0,4,0,3,0
1181,1411,3,4,0,4,3,0,2,2,4,0,1,1,3,0
1182,1412,4,2,4,4,0,4,4,4,2,2,3,2,2,1
1183,1413,0,4,4,1,1,4,4,0,0,4,3,4,4,4
1184,1414,2,2,0,2,0,0,0,0,0,3,2,3,3,4
1185,1415,4,2,3,3,1,0,1,3,3,1,3,3,3,2
1186,1416,3,0,2,4,4,0,4,3,2,1,4,2,4,0
1187,1417,0,0,0,1,0,1,3,2,1,0,1,3,0,1
1188,1418,0,4,4,3,3,4,2,4,2,4,0,1,4,3
1189,1419,3,3,0,2,0,4,2,0,0,3,3,3,0,1
1190,1420,0,1,2,4,1,2,1,3,1,3,0,1,3,1
1191,1421,2,2,4,0,3,2,1,3,0,1,3,1,2,2
1192,1422,4,2,0,4,0,4,2,1,2,2,0,1,3,3
1193,1423,3,0,0,4,1,4,2,2,3,4,0,1,2,3
1194,1424,3,0,0,3,1,0,2,3,0,3,4,2,1,3
1195,1425,1,4,4,2,1,1,4,3,0,1,1,2,3,2
1196,1426,0,4,2,2,3,0,0,2,1,0,0,0,0,2
1197,1427,2,2,2,4,2,3,0,3,2,3,0,1,0,2
1198,1428,3,0,4,2,0,4,0,1,0,3,0,0,1,3
1199,1429,0,4,2,3,4,0,2,3,0,4,0,0,0,0
1200,1430,1,4,2,0,4,2,0,1,0,4,0,2,0,1
1201,1431,2,4,4,2,0,1,4,3,1,3,4,3,2,1
1202,1432,2,0,0,0,0,3,4,4,0,3,3,4,1,1
1203,1433,3,0,1,3,1,0,2,2,2,0,1,0,3,1
1204,1434,2,2,0,1,1,2,2,0,1,4,1,4,1,3
1205,1435,3,3,2,1,3,3,3,1,1,4,1,1,3,3
1206,1436,1,3,3,2,0,0,3,3,4,4,1,2,1,0
1207,1437,2,2,2,0,3,4,1,4,3,3,0,0,4,1
1208,1438,2,0,2,3,3,1,3,0,2,3,1,4,3,4
1209,1439,3,1,0,4,1,2,2,4,0,4,1,3,3,3
1210,1440,2,0,3,0,1,1,1,4,3,2,2,3,3,4
1211,1441,1,0,0,3,4,3,1,0,4,0,1,2,3,3
1212,1442,4,1,3,2,0,0,1,1,1,3,4,4,4,3
1213,1443,3,1,1,1,0,0,3,4,3,2,1,1,4,3
1214,1444,2,3,1,0,4,0,4,2,0,3,2,0,3,4
1215,1445,3,3,3,2,3,2,2,1,4,4,0,0,1,4
1216,1446,1,1,2,4,4,0,0,0,0,2,3,3,0,4
1217,1447,4,1,3,0,1,2,3,0,2,0,0,4,3,2
1218,1448,3,0,0,1,1,0,4,0,4,1,4,2,0,3
1219,1449,0,2,1,4,4,1,4,2,3,1,1,4,3,3
1220,1450,3,1,1,2,3,2,0,1,4,1,0,1,2,3
1221,1451,3,1,1,4,0,3,4,4,2,0,3,2,1,1
1222,1452,0,2,1,2,0,4,2,3,3,4,0,1,3,4
1223,1453,0,4,2,0,4,1,4,3,0,3,3,1,3,3
1224,1454,4,3,2,4,2,2,1,0,2,0,2,3,2,3
1225,1455,1,4,1,1,3,2,2,3,1,3,4,1,0,2
1226,1456,1,3,1,4,0,0,2,4,0,3,3,2,3,4
1227,1457,4,0,3,0,1,1,4,1,4,0,2,2,2,1
1228,1458,4,1,3,1,4,0,3,0,1,0,3,3,0,0
1229,1459,2,3,2,1,0,4,2,0,4,1,4,3,1,2
1230,1460,4,3,4,1,0,1,3,0,1,1,1,4,3,1
1231,1461,3,1,4,1,1,3,3,1,1,2,3,4,0,3
1232,1462,2,0,0,1,2,3,1,0,1,0,2,1,4,4
1233,1463,4,0,1,0,3,0,1,2,1,4,4,1,3,4
1234,1464,3,3,1,1,0,0,1,1,4,2,2,0,4,1
1235,1465,4,2,4,4,0,0,2,1,1,2,4,1,2,4
1236,1466,2,2,3,1,4,1,1,2,3,1,1,1,3,1
1237,1467,1,3,4,2,3,3,4,2,2,0,0,1,4,4
1238,1468,0,0,0,3,0,4,4,0,3,0,2,2,3,0
1239,1469,4,1,1,4,3,0,0,3,4,3,4,3,2,4
1240,1470,4,2,1,0,1,0,2,3,1,2,3,0,0,0
1241,1471,3,3,1,2,0,3,1,4,3,4,1,3,1,0
1242,1472,3,1,4,0,1,0,1,2,4,0,3,2,4,0
1243,1473,0,2,1,0,3,2,2,0,1,0,0,2,3,4
1244,1474,3,0,2,2,0,4,3,3,4,0,3,4,2,1
1245,1475,2,0,2,2,2,3,3,1,2,2,0,3,4,0
1246,1476,1,1,0,4,0,0,1,3,1,4,3,3,2,3
1247,1477,4,2,2,4,3,3,3,0,0,2,3,1,0,2
1248,1478,2,2,0,1,2,2,0,4,4,1,3,3,3,4
1249,1479,2,4,1,3,3,4,3,3,4,3,2,4,3,4
1250,1480,1,2,2,2,2,3,0,0,0,0,2,3,1,2
1251,1481,2,1,4,0,3,0,2,4,0,3,3,1,1,2
1252,1482,2,4,0,3,2,4,3,0,0,0,3,2,1,4
1253,1483,4,2,2,2,2,3,0,3,1,0,0,4,0,0
1254,1484,0,3,3,1,0,4,3,4,1,2,3,4,4,2
1255,1485,3,4,0,1,2,0,0,0,4,0,2,0,1,0
1256,1486,0,4,0,2,0,0,3,1,4,1,2,4,4,4
1257,1487,3,3,4,4,1,4,1,4,4,1,4,4,2,0
1258,1488,4,1,4,3,1,0,2,0,0,4,2,0,3,1
1259,1489,1,4,1,2,2,2,0,3,2,3,4,4,0,2
1260,1490,2,3,2,3,2,4,3,1,3,0,1,2,2,2
1261,1491,1,2,1,3,1,4,1,1,1,2,4,4,1,4
1262,1492,4,1,1,0,1,2,3,2,4,4,2,2,1,3
1263,1493,3,1,1,3,0,2,2,2,3,1,4,4,0,3
1264,1494,3,4,3,3,2,2,2,3,0,0,1,4,1,1
1265,1495,2,2,2,1,1,3,1,1,2,2,1,3,4,4
1266,1496,2,2,4,2,0,1,2,3,4,1,4,0,0,1
1267,1497,3,3,3,4,0,1,0,4,3,0,1,1,2,1
1268,1498,1,3,3,4,4,1,0,3,2,1,4,1,3,3
1269,1499,1,0,3,2,1,1,4,1,4,3,1,4,4,2
1270,1500,3,3,1,2,3,2,3,3,3,1,2,3,4,2
1271,1501,2,3,1,4,4,4,3,4,0,0,4,3,2,2
1272,1502,4,3,3,4,0,4,2,2,0,0,2,0,4,2
1273,1503,1,3,1,0,4,2,3,2,2,2,0,4,4,1
1274,1504,3,4,2,2,4,1,0,4,0,2,1,1,2,3
1275,1505,0,3,0,4,4,3,2,2,2,4,0,3,0,4
1276,1506,2,1,4,2,4,2,1,0,2,1,1,4,3,1
1277,1507,2,2,3,3,0,3,1,3,0,0,1,1,4,3
1278,1508,1,2,2,2,1,0,3,1,1,1,4,2,1,0
1279,1509,2,0,0,0,0,4,0,2,4,1,3,3,3,1
1280,1510,3,3,0,2,4,1,3,2,1,0,1,1,4,3
1281,1511,1,1,4,4,2,1,3,2,4,4,4,4,0,3
1282,1512,4,2,4,1,2,2,4,0,0,0,1,1,4,1
1283,1513,1,4,0,0,0,4,2,2,2,2,3,4,4,0
1284,1514,4,1,2,2,3,2,2,0,4,3,2,0,3,0
1285,1515,3,0,4,2,4,0,4,0,1,3,2,0,2,3
1286,1516,2,4,2,0,2,3,1,1,3,1,2,4,0,3
1287,1517,0,2,0,3,1,4,2,3,3,2,1,2,4,2
1288,1518,0,3,4,3,0,1,2,4,1,2,3,4,3,2
1289,1519,3,3,1,3,4,0,1,4,1,3,1,3,4,3
1290,1520,1,0,0,1,1,4,4,1,2,1,4,2,3,2
1291,1521,4,3,1,3,2,2,2,1,3,2,3,4,2,3
1292,1522,0,4,0,0,4,3,2,1,0,1,4,1,1,4
1293,1523,2,3,1,3,3,3,3,2,2,0,1,1,4,3
1294,1524,2,3,3,3,2,0,2,1,1,1,1,2,2,3
1295,1525,2,3,3,4,2,0,2,2,3,3,2,2,4,0
1296,1526,0,2,1,1,2,3,4,4,1,4,0,1,2,4
1297,1527,4,0,1,3,0,4,0,4,3,0,0,0,4,0
1298,1528,3,0,0,1,0,1,0,0,3,3,0,2,2,4
1299,1529,3,0,1,0,1,0,2,2,3,3,2,1,4,0
1300,1530,3,3,3,0,0,4,0,1,3,0,3,0,4,0
1301,1541,0,4,0,2,2,2,2,0,4,1,3,1,4,1
1302,1542,4,2,1,3,1,2,1,3,3,3,3,2,2,0
1303,1543,4,1,4,3,0,4,2,2,1,2,1,4,4,2
1304,1544,0,3,0,0,3,3,3,4,0,4,0,2,3,0
1305,1545,2,2,0,1,4,4,2,0,4,3,0,0,1,4
1306,1546,0,3,3,1,0,3,1,1,4,3,3,4,2,1
1307,1547,4,4,2,0,4,2,1,0,3,2,2,4,1,3
1308,1548,4,3,2,1,0,0,3,3,2,4,4,2,3,1
1309,1549,3,3,0,1,3,0,0,3,0,4,2,3,0,0
1310,1550,1,2,2,4,4,3,4,2,0,2,4,4,4,1
1311,1571,3,2,1,1,2,3,0,0,0,3,0,0,0,4
1312,1572,2,3,0,2,2,0,2,2,0,3,2,0,4,1
1313,1573,3,1,0,2,2,2,4,2,3,0,1,0,1,3
1314,1574,3,1,4,4,0,4,4,4,3,3,0,0,1,4
1315,1575,0,4,1,4,0,4,3,0,1,4,1,3,2,2
1316,1576,0,0,4,0,4,3,2,3,0,2,3,2,4,4
1317,1577,0,1,3,4,1,0,2,4,2,4,2,4,2,4
1318,1578,4,0,2,2,4,3,0,0,2,1,0,3,4,0
1319,1579,4,3,1,1,3,4,0,2,2,2,1,2,2,2
1320,1580,1,4,4,2,4,3,0,2,4,4,1,1,3,2
1321,1581,4,0,0,0,4,0,3,2,2,4,3,3,4,4
1322,1582,1,1,3,2,0,2,1,1,3,3,1,0,4,2
1323,1583,3,1,3,4,0,3,1,1,3,3,3,3,3,1
1324,1584,1,1,2,1,1,3,3,2,4,3,2,2,1,3
1325,1585,0,0,0,0,4,3,3,1,0,3,2,2,2,0
1326,1586,2,4,0,2,1,4,3,3,0,3,3,4,0,1
1327,1587,1,3,2,3,0,3,3,2,3,3,4,0,1,1
1328,1588,1,4,4,4,2,0,2,2,1,1,2,1,4,1
1329,1589,0,4,0,2,4,3,1,4,3,4,1,2,2,4
1330,1590,0,3,2,0,4,4,4,0,3,2,3,2,2,2
1331,1591,3,1,2,3,0,1,1,0,3,4,3,4,4,1
1332,1592,2,3,0,3,1,3,4,2,3,4,0,2,3,3
1333,1593,1,4,4,2,0,3,3,2,1,2,2,3,2,2
1334,1594,0,1,3,1,0,4,2,0,3,3,0,2,4,1
1335,1595,0,2,2,2,1,0,1,3,1,1,2,2,4,2
1336,1596,1,3,0,1,4,1,0,1,1,4,0,2,1,2
1337,1597,0,0,0,3,0,4,1,0,1,2,1,0,1,1
1338,1598,0,0,3,3,0,1,2,4,2,0,4,3,2,1
1339,1599,3,4,4,2,4,2,2,1,0,2,2,2,2,1
1340,1600,4,0,4,0,4,2,2,0,4,3,1,2,4,1
1341,1631,3,2,4,4,3,4,2,3,4,1,4,0,1,1
1342,1632,1,2,4,0,2,0,1,3,1,2,2,4,2,2
1343,1633,2,0,3,1,2,3,1,2,0,3,3,3,0,4
1344,1634,2,1,4,2,2,4,1,3,2,2,3,4,3,4
1345,1635,1,1,1,2,1,2,1,2,4,3,0,4,3,2
1346,1636,3,4,3,4,1,1,0,2,3,1,4,3,1,1
1347,1637,2,0,0,2,2,3,0,4,2,4,1,2,4,0
1348,1638,0,0,2,1,4,4,2,1,3,1,4,3,1,1
1349,1639,4,2,3,4,1,1,2,4,4,4,1,0,2,1
1350,1640,1,3,1,0,0,4,1,3,1,4,1,1,4,0
1351,1641,4,4,4,4,2,4,4,4,0,0,3,0,3,1
1352,1642,0,1,1,4,4,4,1,3,3,0,0,0,4,3
1353,1643,0,4,2,3,3,4,1,1,1,0,1,4,1,3
1354,1644,3,4,4,4,0,3,3,2,1,2,0,3,4,0
1355,1645,1,4,3,1,3,2,0,2,0,3,4,2,3,0
1356,1646,4,3,3,4,3,3,2,1,1,0,4,0,1,0
1357,1647,2,2,1,0,1,0,4,1,3,1,4,3,3,0
1358,1648,2,4,1,3,1,3,1,3,4,3,0,1,3,0
1359,1649,3,0,3,1,1,2,1,4,1,3,4,1,0,2
1360,1650,4,3,0,1,4,1,4,1,4,2,4,1,2,3
1361,1651,4,3,4,2,1,3,4,2,3,1,3,2,3,1
1362,1652,2,0,1,0,4,0,1,4,2,0,3,0,0,4
1363,1653,1,1,3,2,2,4,1,3,1,0,1,0,0,3
1364,1654,3,2,2,0,2,4,0,2,3,2,2,2,2,0
1365,1655,1,2,0,3,4,3,1,3,3,0,1,4,1,3
1366,1656,4,1,3,0,3,3,1,0,3,1,0,3,0,2
1367,1657,1,1,4,0,1,0,1,1,4,1,3,0,0,3
1368,1658,1,1,3,4,0,4,0,1,1,2,0,1,1,3
1369,1659,0,3,4,1,3,1,4,1,4,0,0,3,4,4
1370,1660,1,4,1,1,1,3,0,2,1,3,3,1,0,1
1371,1671,3,3,3,3,1,4,3,3,0,4,4,4,3,1
1372,1672,0,4,2,4,1,1,2,3,0,4,2,0,2,1
1373,1673,1,2,0,0,1,0,4,4,4,1,0,0,4,1
1374,1674,4,2,3,2,4,3,2,1,1,1,2,1,4,2
1375,1675,1,0,3,3,3,2,4,4,4,3,1,1,4,2
1376,1676,4,3,0,4,2,1,0,0,1,0,1,4,1,2
1377,1677,2,3,2,4,3,3,1,2,4,1,1,4,1,4
1378,1678,1,3,0,1,3,0,4,3,4,1,0,4,1,1
1379,1679,3,4,4,1,1,2,1,1,0,0,4,0,0,1
1380,1680,4,4,1,0,1,0,4,3,1,1,0,0,2,4
1381,1681,4,1,1,2,0,1,4,4,1,2,2,2,0,3
1382,1682,1,2,1,0,2,0,1,3,1,1,4,0,1,0
1383,1683,2,0,0,2,2,4,0,3,4,4,4,2,0,2
1384,1684,3,1,4,3,1,2,2,2,1,0,2,2,0,2
1385,1685,0,3,0,1,3,2,4,1,4,3,1,3,2,3
1386,1686,4,2,0,2,1,1,4,4,4,2,1,2,4,2
1387,1687,2,0,4,4,0,1,0,1,0,0,3,0,1,4
1388,1688,1,2,0,3,4,2,4,3,0,3,4,1,2,1
1389,1689,3,0,0,3,1,2,3,2,4,2,0,1,4,2
1390,1690,3,3,3,3,1,3,2,3,3,3,0,1,3,3
1391,1691,0,2,2,0,0,4,2,3,2,0,4,1,2,1
1392,1692,2,0,4,4,3,3,1,4,2,0,2,1,0,0
1393,1693,3,0,2,4,3,0,3,0,3,3,2,0,3,4
1394,1694,3,3,4,4,0,0,3,1,0,2,2,2,0,1
1395,1695,2,1,2,0,0,2,2,0,3,3,3,3,4,4
1396,1696,4,2,3,4,2,0,2,0,0,2,1,0,2,1
1397,1697,3,0,3,4,0,0,0,3,1,3,4,1,0,3
1398,1698,1,0,4,3,4,4,0,0,1,4,0,4,3,4
1399,1699,3,3,3,4,4,4,3,4,0,4,3,1,2,4
1400,1700,1,1,2,4,1,3,0,4,3,2,1,2,1,4
1401,1711,4,1,1,2,1,0,3,2,0,1,1,4,1,1
1402,1712,2,2,3,2,3,0,3,0,4,4,3,3,3,3
1403,1713,0,0,3,4,0,2,3,1,0,3,4,0,2,0
1404,1714,3,4,0,3,0,1,1,4,0,4,0,2,1,3
1405,1715,0,4,1,3,4,1,2,1,1,3,0,3,4,3
1406,1716,1,2,2,1,3,0,4,1,2,4,3,0,3,2
1407,1717,0,4,0,0,3,4,3,4,4,4,4,4,0,1
1408,1718,0,1,1,1,2,2,4,2,3,4,2,1,4,1
1409,1719,0,2,3,3,0,1,0,3,0,0,3,1,0,1
1410,1720,4,4,2,3,0,0,0,2,1,0,2,2,1,4
1411,1721,3,1,1,0,1,2,2,2,3,3,1,2,0,4
1412,1722,0,1,3,4,0,0,0,0,4,2,3,1,2,3
1413,1723,3,2,4,0,1,2,4,0,3,3,3,2,4,4
1414,1724,3,3,3,2,0,2,0,0,1,3,4,3,0,3
1415,1725,4,1,0,1,2,3,3,3,0,4,2,2,2,1
1416,1726,2,2,0,4,4,1,1,0,4,0,0,0,3,2
1417,1727,0,2,3,2,3,2,2,2,1,1,1,0,0,3
1418,1728,2,0,3,2,1,0,0,3,1,4,0,1,0,1
1419,1729,0,3,3,2,0,3,2,2,2,4,0,4,1,3
1420,1730,1,2,4,3,1,4,0,1,4,3,4,0,1,1
1421,1731,2,0,4,3,3,2,2,1,1,2,1,0,0,2
1422,1732,1,3,0,1,1,4,0,3,1,4,4,4,0,1
1423,1733,1,0,3,0,0,0,3,3,4,1,4,3,4,1
1424,1734,0,3,3,1,0,3,0,2,1,2,3,0,4,2
1425,1735,1,2,4,4,0,1,3,3,3,0,1,1,0,0
1426,1736,3,2,2,0,1,4,2,4,4,4,1,4,0,0
1427,1737,3,1,2,1,3,2,4,0,2,1,2,1,2,1
1428,1738,3,2,1,2,2,2,0,1,3,2,0,3,0,4
1429,1739,3,2,4,2,4,0,1,3,4,1,3,1,4,0
1430,1740,3,4,1,4,3,1,1,1,3,3,2,2,3,2
1431,1741,2,1,2,1,4,2,4,0,3,1,3,2,4,0
1432,1742,0,2,3,1,3,2,0,3,2,0,1,2,0,0
1433,1743,2,3,0,4,0,0,0,0,3,1,2,1,4,3
1434,1744,4,0,3,3,2,4,0,2,3,2,2,1,3,4
1435,1745,3,0,0,0,2,0,2,4,0,4,1,0,4,0
1436,1746,2,3,0,3,3,2,2,2,4,3,2,0,0,4
1437,1747,3,4,4,0,4,4,1,3,0,4,3,2,0,1
1438,1748,2,1,2,4,1,0,1,1,2,4,0,2,3,2
1439,1749,2,0,1,2,4,3,2,0,0,0,1,1,0,1
1440,1750,4,2,2,2,2,4,0,4,4,3,4,0,1,3
1441,1751,0,0,2,4,1,1,1,0,4,2,4,0,3,1
1442,1752,3,3,1,3,3,1,0,4,4,1,2,3,1,2
1443,1753,3,1,0,1,3,2,4,3,0,4,2,4,0,0
1444,1754,2,4,4,3,4,3,4,2,4,4,1,4,0,1
1445,1755,2,2,1,3,0,3,4,1,2,0,1,3,0,0
1446,1756,4,2,0,4,2,4,1,4,0,1,2,3,3,2
1447,1757,0,2,2,0,2,2,1,4,0,3,0,1,1,1
1448,1758,3,3,3,4,4,2,3,1,3,4,1,3,3,2
1449,1759,3,2,1,2,3,4,4,0,1,3,0,2,4,1
1450,1760,1,1,4,1,1,2,4,3,3,2,2,3,4,2
1451,1771,3,2,3,2,2,4,2,1,3,3,1,1,0,2
1452,1772,0,3,2,0,2,1,1,2,2,4,0,3,4,1
1453,1773,1,2,0,0,4,0,2,1,4,4,3,3,1,0
1454,1774,0,0,2,3,2,4,4,2,0,3,4,0,1,4
1455,1775,1,1,4,0,4,4,1,4,2,4,0,4,3,3
1456,1776,3,0,4,3,1,4,1,1,1,4,0,1,3,0
1457,1777,0,1,2,1,1,4,3,2,1,4,0,1,4,2
1458,1778,1,2,0,0,4,1,4,1,1,3,4,2,0,1
1459,1779,0,3,1,1,3,2,2,2,0,0,3,4,3,1
1460,1780,1,4,1,1,2,4,0,0,3,1,2,2,1,3
1461,1781,4,0,0,1,1,0,2,0,3,4,2,3,4,0
1462,1782,4,2,3,1,1,1,1,1,4,0,4,0,0,2
1463,1783,3,4,3,1,2,2,4,2,1,2,3,0,3,2
1464,1784,1,0,2,1,0,2,0,4,2,4,2,3,3,2
1465,1785,4,1,1,3,4,2,1,4,1,3,0,4,1,1
1466,1786,1,0,2,2,1,2,4,3,2,3,3,2,4,1
1467,1787,1,0,2,3,1,2,1,0,1,2,0,0,1,1
1468,1788,0,2,4,4,1,0,2,0,1,1,3,1,1,4
1469,1789,0,3,4,2,3,3,3,0,1,4,2,1,4,0
1470,1790,1,2,1,1,1,1,2,1,2,0,4,4,2,3
1471,1791,4,3,3,4,4,4,0,1,2,3,0,4,0,3
1472,1792,3,1,1,3,2,0,3,3,2,3,0,3,1,3
1473,1793,1,2,2,2,0,1,2,1,0,1,3,2,0,2
1474,1794,2,1,0,0,0,1,1,4,4,1,3,3,2,1
1475,1795,3,4,0,0,0,3,3,1,4,4,2,0,0,0
1476,1796,3,4,3,1,0,2,4,1,4,4,1,2,1,0
1477,1797,3,4,3,1,1,2,2,0,3,1,4,0,4,4
1478,1798,4,4,1,1,4,1,2,4,2,3,4,1,4,4
1479,1799,1,3,4,1,4,3,0,1,4,3,3,0,4,4
1480,1800,3,1,2,1,3,2,4,4,1,0,0,1,2,2
1481,1871,3,4,4,2,3,0,4,2,3,3,4,2,1,2
1482,1872,4,2,2,3,4,1,0,0,2,3,2,4,0,1
1483,1873,2,0,1,1,2,0,1,3,2,1,4,4,3,1
1484,1874,2,0,3,1,2,2,0,3,0,1,0,1,4,4
1485,1875,1,0,4,2,2,0,1,2,1,1,1,2,4,4
1486,1876,2,4,3,0,3,3,0,4,2,2,3,0,2,2
1487,1877,3,0,4,1,4,1,3,0,0,2,4,3,2,4
1488,1878,1,0,0,1,3,1,3,0,0,0,2,2,2,3
1489,1879,3,2,1,0,2,4,4,1,0,2,2,3,0,1
1490,1880,3,0,1,2,4,0,1,1,3,3,0,4,0,1
1491,1901,1,3,2,4,3,3,4,1,4,4,1,2,2,4
1492,1902,4,0,1,2,1,0,1,4,0,4,3,0,0,0
1493,1903,1,3,4,0,1,4,3,4,0,4,2,3,4,1
1494,1904,2,2,0,2,4,0,0,1,4,2,3,0,0,1
1495,1905,4,4,3,4,2,1,0,4,1,2,4,4,4,0
1496,1906,4,1,1,3,1,1,4,2,3,1,4,2,0,4
1497,1907,1,4,0,0,4,0,3,0,2,4,3,2,4,2
1498,1908,3,1,3,2,0,4,2,4,1,3,0,3,3,0
1499,1909,2,4,1,4,1,3,1,0,1,0,0,1,0,0
1500,1910,1,0,0,2,3,3,1,2,2,2,1,2,1,1
1501,1911,2,3,1,4,2,0,2,1,0,0,0,1,1,2
1502,1912,3,3,3,4,0,1,3,3,0,0,3,0,3,1
1503,1913,1,2,2,3,4,2,2,3,0,3,0,4,0,2
1504,1914,1,2,0,3,3,0,4,0,2,2,4,0,4,2
1505,1915,4,3,3,0,4,2,1,2,1,2,2,4,1,4
1506,1916,1,4,1,2,2,1,1,3,3,2,1,1,3,2
1507,1917,4,1,3,2,3,1,4,1,3,3,2,3,2,2
1508,1918,4,0,2,3,1,3,2,0,4,3,4,3,3,4
1509,1919,3,4,2,3,0,0,2,2,4,4,0,4,3,3
1510,1920,1,1,1,1,0,2,2,2,4,4,3,4,2,2
1511,1921,2,2,2,0,2,1,2,0,1,4,2,1,3,1
1512,1922,2,2,4,1,4,1,4,0,4,4,0,4,4,4
1513,1923,3,1,4,0,1,1,1,4,2,4,3,4,0,0
1514,1924,3,4,1,4,4,4,3,3,4,1,1,4,2,3
1515,1925,2,1,2,2,3,1,1,0,0,4,1,4,3,0
1516,1926,3,4,4,2,4,4,3,1,0,0,0,2,1,2
1517,1927,2,3,2,0,4,4,2,2,4,2,4,1,0,2
1518,1928,4,2,0,1,4,4,2,2,4,0,0,1,0,3
1519,1929,2,0,1,3,0,0,2,4,1,0,4,4,4,0
1520,1930,1,4,2,3,4,1,4,1,2,1,0,0,4,2
1521,1941,2,4,1,3,2,1,4,4,2,1,3,1,3,1
1522,1942,0,1,1,4,1,1,3,4,1,3,3,2,4,2
1523,1943,3,1,3,1,3,0,2,1,4,1,0,1,1,4
1524,1944,0,4,0,2,4,1,2,2,0,3,0,4,1,3
1525,1945,4,2,2,2,2,0,4,1,2,3,4,1,4,1
1526,1946,0,0,4,4,3,0,0,0,0,3,3,4,2,4
1527,1947,4,4,1,0,3,2,2,3,3,1,0,3,0,3
1528,1948,2,4,1,0,2,0,3,4,4,3,1,2,0,3
1529,1949,3,4,0,1,3,4,1,0,3,2,0,4,1,1
1530,1950,1,2,0,1,4,3,2,2,3,4,4,0,2,2
1531,1971,4,4,4,3,3,4,4,0,3,4,1,3,2,0
1532,1972,0,1,4,0,0,0,0,3,2,4,2,3,2,3
1533,1973,3,3,3,1,4,4,4,3,4,1,4,0,1,0
1534,1974,1,1,2,0,1,1,0,3,3,4,4,4,0,3
1535,1975,1,2,2,4,1,3,2,1,4,4,0,1,2,1
1536,1976,2,0,2,3,2,0,4,3,2,4,0,4,3,4
1537,1977,2,0,2,2,4,0,3,2,3,3,3,3,3,4
1538,1978,4,3,2,4,1,2,0,0,0,0,0,3,4,2
1539,1979,4,1,3,2,0,4,1,1,0,0,1,3,4,0
1540,1980,1,4,4,1,1,0,3,3,2,2,1,2,1,0
1541,1981,4,3,4,1,1,3,0,3,2,2,4,2,3,1
1542,1982,4,3,3,1,3,2,0,1,4,0,2,1,1,2
1543,1983,3,2,4,1,0,2,2,4,3,2,3,1,1,3
1544,1984,3,4,3,3,0,2,3,4,3,1,3,3,1,4
1545,1985,4,1,2,3,1,0,0,2,4,3,4,3,1,0
1546,1986,2,1,3,4,0,2,1,3,3,0,2,0,4,0
1547,1987,3,2,0,1,4,3,2,1,4,1,3,1,1,4
1548,1988,0,4,2,0,2,1,2,0,4,3,1,0,4,2
1549,1989,2,4,3,3,0,3,0,4,1,0,3,3,3,2
1550,1990,2,1,0,1,4,4,4,3,3,4,4,2,0,0
1551,1991,4,0,3,0,2,2,1,0,2,4,3,2,4,0
1552,1992,4,0,0,1,0,0,0,0,2,1,0,0,1,4
1553,1993,3,4,1,4,3,1,4,0,1,1,1,4,4,0
1554,1994,0,2,4,4,2,1,2,3,2,1,3,4,3,2
1555,1995,3,1,4,1,3,4,3,3,4,1,3,0,3,0
1556,1996,1,2,2,1,4,2,2,4,4,2,2,0,3,4
1557,1997,2,0,1,4,3,2,0,4,1,2,2,0,0,4
1558,1998,4,3,2,3,3,4,3,1,3,0,3,1,1,3
1559,1999,4,0,3,2,1,1,4,0,0,2,4,0,4,2
1560,2000,3,1,3,3,3,2,0,3,4,3,1,0,4,3
1561,2011,0,0,0,4,4,4,0,3,4,1,2,2,2,1
1562,2012,4,4,4,0,3,2,0,1,1,2,0,0,4,4
1563,2013,4,2,3,3,2,1,3,1,2,0,2,2,3,3
1564,2014,3,4,0,0,1,3,2,1,4,3,3,0,4,3
1565,2015,3,4,2,4,4,4,4,3,2,1,1,4,2,2
1566,2016,0,3,1,2,0,1,0,3,0,0,3,1,0,2
1567,2017,2,2,2,3,1,3,2,2,3,2,3,3,2,3
1568,2018,0,2,3,4,2,0,1,0,4,3,0,4,3,0
1569,2019,1,0,1,3,1,1,3,1,0,0,4,0,1,0
1570,2020,4,0,2,0,1,1,2,3,2,0,3,1,2,0
1571,2021,3,4,1,4,3,1,4,2,0,2,4,3,0,2
1572,2022,3,3,2,0,1,1,4,1,0,4,0,3,3,3
1573,2023,1,2,0,0,0,4,2,4,0,1,0,2,0,3
1574,2024,4,0,3,3,0,2,4,4,4,3,1,2,1,0
1575,2025,4,2,0,3,0,2,2,3,1,4,0,1,3,1
1576,2026,4,1,0,1,0,4,0,4,1,0,1,3,3,4
1577,2027,4,1,1,1,2,3,0,2,0,3,3,1,2,0
1578,2028,0,1,3,4,3,2,3,2,0,4,2,3,4,2
1579,2029,0,4,0,2,0,2,3,3,0,2,1,0,2,1
1580,2030,1,1,0,1,3,2,4,1,4,4,4,4,4,3
1581,2031,4,0,4,4,2,4,4,2,0,4,0,0,4,2
1582,2032,2,1,1,0,3,4,2,3,4,2,0,3,3,0
1583,2033,4,1,3,4,2,2,4,1,4,2,3,1,2,1
1584,2034,3,2,0,3,1,3,1,2,0,4,3,2,4,4
1585,2035,3,3,0,1,0,1,4,2,3,4,0,2,4,4
1586,2036,3,2,4,0,4,2,2,0,4,2,3,1,3,2
1587,2037,1,3,3,2,0,3,3,4,3,2,0,3,0,2
1588,2038,2,1,4,4,4,4,4,0,4,1,4,4,1,2
1589,2039,2,2,0,3,0,2,2,1,0,4,4,0,2,1
1590,2040,0,1,1,1,4,0,0,0,2,1,2,1,2,0
1591,2041,1,4,0,1,1,0,4,0,2,2,3,4,0,4
1592,2042,1,3,3,3,2,0,4,3,0,1,1,4,1,2
1593,2043,2,4,2,3,4,3,1,4,4,2,1,2,4,2
1594,2044,3,0,1,4,0,4,2,0,2,0,1,2,4,2
1595,2045,0,1,4,4,1,3,4,4,2,2,2,0,4,4
1596,2046,2,1,1,2,1,0,3,4,1,2,1,0,3,4
1597,2047,4,4,4,1,2,2,1,4,4,4,4,2,4,3
1598,2048,4,0,1,2,3,1,0,3,1,3,0,4,3,0
1599,2049,2,3,0,0,2,4,4,2,4,2,3,4,2,2
1600,2050,4,4,0,4,3,2,1,1,4,2,4,1,0,3
1601,2071,3,0,0,4,0,2,1,2,1,4,2,0,0,1
1602,2072,4,2,1,0,1,4,0,0,4,3,0,3,0,0
1603,2073,0,3,2,2,1,4,0,1,3,1,0,0,1,3
1604,2074,1,0,1,0,2,2,0,0,2,3,0,1,0,2
1605,2075,3,2,0,4,1,3,4,0,4,3,0,1,3,3
1606,2076,2,1,4,1,1,0,0,1,3,4,0,1,0,0
1607,2077,4,1,4,2,2,3,2,1,4,2,2,4,3,1
1608,2078,0,2,2,3,2,2,0,1,0,4,1,4,3,3
1609,2079,1,1,1,4,0,4,3,4,4,2,2,1,3,0
1610,2080,1,3,0,4,1,2,2,1,3,0,1,1,4,4
1611,2081,1,4,0,4,4,0,0,4,4,3,2,2,4,3
1612,2082,3,1,1,1,1,1,1,4,0,1,3,4,1,3
1613,2083,4,2,2,2,1,0,4,0,3,1,1,2,0,2
1614,2084,2,1,2,0,2,2,4,3,1,4,4,4,3,3
1615,2085,4,4,1,1,0,4,3,4,0,4,0,3,1,1
1616,2086,1,2,1,4,0,1,2,1,2,0,1,4,4,3
1617,2087,3,1,3,3,2,1,3,4,1,1,2,1,2,3
1618,2088,1,3,1,4,4,2,1,0,0,1,0,3,4,2
1619,2089,4,1,0,4,2,0,2,1,2,2,2,4,0,4
1620,2090,0,4,1,3,2,4,1,4,0,0,1,2,2,3
1621,2091,4,2,1,0,1,2,2,1,0,3,4,2,2,2
1622,2092,1,2,2,4,1,3,1,4,2,2,2,4,2,2
1623,2093,0,0,4,0,0,2,1,0,4,3,4,0,4,1
1624,2094,3,4,1,0,2,3,0,2,1,0,0,4,2,1
1625,2095,1,0,3,1,1,0,0,1,0,2,2,2,0,3
1626,2096,4,3,0,0,1,0,1,0,2,4,1,4,3,2
1627,2097,4,4,3,4,2,1,1,0,4,4,1,1,4,0
1628,2098,3,3,3,3,0,2,2,4,2,0,2,4,3,4
1629,2099,4,3,2,1,3,2,0,3,3,0,4,4,3,4
1630,2100,4,4,2,3,3,2,2,4,0,3,0,1,0,2
1631,2101,1,3,0,0,0,1,0,0,4,0,2,2,0,0
1632,2102,0,2,2,2,0,4,0,4,2,4,3,1,2,3
1633,2103,4,1,4,4,4,1,3,1,4,3,1,3,1,3
1634,2104,4,3,0,2,3,3,2,2,3,3,2,2,2,1
1635,2105,1,3,0,4,2,1,3,4,2,3,0,4,2,4
1636,2106,4,2,2,2,4,0,1,2,0,2,2,4,3,3
1637,2107,3,0,4,1,3,0,1,1,0,3,4,2,3,3
1638,2108,0,1,4,3,0,0,4,4,2,4,0,0,0,4
1639,2109,0,4,0,1,1,4,1,4,3,0,2,1,1,0
1640,2110,1,4,0,1,4,1,2,2,1,0,4,0,4,2
1641,2111,4,3,1,0,0,2,4,4,4,2,0,0,3,0
1642,2112,4,4,4,4,4,4,4,2,4,3,0,2,0,1
1643,2113,0,0,2,2,4,2,3,2,2,3,1,3,3,1
1644,2114,0,2,1,3,4,1,2,2,2,2,3,4,3,3
1645,2115,3,3,1,4,0,3,4,4,3,4,4,0,4,4
1646,2116,2,1,3,4,3,3,4,0,0,4,0,0,0,0
1647,2117,1,0,3,2,3,3,0,3,1,2,2,0,0,4
1648,2118,3,0,2,3,1,0,0,2,1,3,3,4,0,3
1649,2119,1,1,0,0,0,3,2,2,3,2,4,4,2,3
1650,2120,0,0,1,0,0,4,4,4,0,0,1,1,4,2
1651,2121,0,0,4,0,0,4,0,1,2,1,0,0,3,2
1652,2122,4,2,4,4,4,2,3,3,1,4,1,3,1,1
1653,2123,3,1,4,4,1,2,4,1,3,2,1,1,1,1
1654,2124,0,4,1,3,0,3,0,2,1,3,1,4,0,3
1655,2125,3,3,4,0,2,1,2,3,2,4,4,0,2,1
1656,2126,4,2,3,0,0,3,2,4,0,2,1,2,0,4
1657,2127,2,1,2,3,3,4,4,4,1,3,2,1,2,0
1658,2128,3,3,2,1,0,3,3,4,2,2,3,1,0,1
1659,2129,2,1,1,2,4,2,3,4,1,4,2,4,3,4
1660,2130,1,4,3,1,3,3,1,1,3,1,0,4,1,0
1661,2131,4,3,3,0,1,2,1,0,1,3,1,0,4,1
1662,2132,0,2,2,2,1,0,2,1,2,3,4,3,3,2
1663,2133,4,3,2,0,1,0,3,4,0,0,1,2,0,3
1664,2134,1,0,1,0,0,3,0,3,0,4,2,2,1,3
1665,2135,0,0,2,4,1,0,2,1,1,3,0,0,3,0
1666,2136,0,0,1,4,0,0,1,1,0,2,4,0,2,1
1667,2137,2,3,2,0,3,0,1,4,0,4,1,2,4,3
1668,2138,3,4,4,2,4,2,2,4,1,2,0,2,4,4
1669,2139,0,2,2,2,1,2,2,2,1,3,0,2,4,1
1670,2140,2,3,3,3,2,4,0,0,4,3,2,4,0,3
1671,2141,2,0,2,0,1,3,4,3,1,4,1,4,4,0
1672,2142,1,0,4,2,4,2,4,4,2,1,1,0,2,3
1673,2143,4,3,0,1,2,3,1,1,0,3,4,3,4,4
1674,2144,3,3,2,4,4,1,2,3,3,3,2,2,0,3
1675,2145,4,2,3,3,0,2,3,1,2,3,3,2,1,1
1676,2146,2,0,4,4,0,4,1,1,0,2,0,1,2,2
1677,2147,2,0,4,1,2,2,1,3,2,1,3,0,4,4
1678,2148,0,2,4,0,2,1,0,0,4,1,2,1,4,0
1679,2149,0,3,1,2,1,4,4,3,4,2,1,0,1,4
1680,2150,2,4,0,4,2,4,2,4,3,1,1,2,2,1
1681,2151,3,3,2,2,2,0,2,3,3,0,1,4,0,3
1682,2152,1,1,4,2,4,3,2,0,4,1,2,0,0,0
1683,2153,4,0,1,3,0,0,0,3,3,2,1,3,4,2
1684,2154,4,4,1,3,0,3,2,1,0,3,1,2,4,4
1685,2155,0,0,1,3,4,1,2,2,2,4,0,4,2,4
1686,2156,0,3,2,2,2,1,1,3,4,4,1,3,4,0
1687,2157,4,0,4,1,2,4,4,0,0,2,4,1,2,1
1688,2158,4,2,1,3,4,3,0,2,4,2,2,2,1,0
1689,2159,1,0,0,1,3,0,3,1,0,1,3,4,1,0
1690,2160,2,3,3,2,3,3,4,1,4,0,2,1,3,3
1691,2161,1,1,1,0,3,0,3,4,4,2,2,1,4,3
1692,2162,4,2,1,4,0,4,0,4,1,1,0,4,1,4
1693,2163,4,0,1,4,3,3,2,0,4,0,3,2,4,3
1694,2164,1,3,2,2,3,2,0,4,4,3,1,3,0,2
1695,2165,4,0,0,1,3,1,3,4,1,1,1,0,3,2
1696,2166,0,2,3,0,0,0,3,0,2,4,1,0,0,0
1697,2167,0,3,4,1,4,2,3,0,1,1,3,4,2,0
1698,2168,0,3,4,4,3,0,1,3,4,2,0,2,1,2
1699,2169,2,0,4,0,4,4,3,2,4,2,3,0,4,4
1700,2170,0,0,4,3,2,0,4,1,2,3,1,0,4,4
1701,2211,3,3,2,0,3,3,2,4,3,4,1,0,4,4
1702,2212,4,3,1,2,0,1,4,2,1,4,0,2,1,1
1703,2213,3,3,2,3,0,3,4,2,2,0,0,1,2,3
1704,2214,0,4,1,4,0,3,0,0,1,1,4,3,4,2
1705,2215,4,3,3,1,2,4,0,4,3,1,0,0,1,1
1706,2216,4,3,4,2,4,0,4,4,4,1,2,3,4,4
1707,2217,4,3,1,4,3,3,4,4,3,0,1,3,3,3
1708,2218,1,3,4,0,4,1,3,1,1,2,1,3,3,1
1709,2219,0,3,2,2,3,1,2,3,2,3,0,4,0,3
1710,2220,1,1,0,0,4,4,3,4,3,1,2,2,3,3
1711,2221,1,4,1,0,1,4,0,4,0,3,4,4,1,1
1712,2222,3,3,2,1,0,4,0,4,2,1,4,2,3,2
1713,2223,0,3,2,0,4,1,3,3,2,1,4,1,4,2
1714,2224,0,2,2,1,4,3,0,2,1,0,1,3,1,3
1715,2225,0,2,3,1,2,0,0,2,0,2,0,3,1,3
1716,2226,4,4,2,2,3,1,2,3,3,3,4,2,2,0
1717,2227,1,4,3,4,2,1,2,1,3,1,2,0,4,1
1718,2228,3,4,0,2,1,0,4,2,1,3,4,4,1,0
1719,2229,2,1,3,0,1,4,2,0,4,2,3,1,1,2
1720,2230,3,2,4,1,4,2,4,0,0,2,3,0,3,4
1721,2231,0,1,1,2,3,2,2,2,0,1,4,2,3,0
1722,2232,3,0,0,4,3,0,0,0,1,3,1,1,3,3
1723,2233,2,3,0,2,4,2,2,2,0,1,4,2,1,2
1724,2234,2,3,0,2,0,4,0,3,4,1,2,3,1,2
1725,2235,1,2,4,4,0,1,0,2,3,2,0,4,2,1
1726,2236,3,1,2,4,4,0,0,1,0,2,3,2,3,2
1727,2237,1,3,2,1,0,1,4,3,3,3,2,0,1,2
1728,2238,3,2,4,4,4,2,3,2,0,1,1,1,0,4
1729,2239,3,3,0,3,3,0,0,4,2,4,3,2,3,0
1730,2240,3,1,0,0,0,3,0,3,2,1,3,1,4,0
1731,2241,1,1,2,3,4,3,0,4,0,3,2,4,2,2
1732,2242,0,0,3,1,3,0,2,0,3,4,0,0,1,0
1733,2243,3,1,0,0,4,3,3,3,2,2,3,2,2,0
1734,2244,2,0,4,1,1,3,1,2,1,3,0,2,3,4
1735,2245,2,2,0,0,0,2,4,0,4,1,3,0,3,4
1736,2246,0,4,3,3,1,1,1,4,3,2,1,1,0,1
1737,2247,3,4,2,3,2,4,1,1,3,4,0,3,2,3
1738,2248,1,4,1,4,4,3,4,0,2,1,0,3,0,0
1739,2249,4,0,4,4,0,0,4,0,4,4,4,3,1,2
1740,2250,3,4,4,0,2,0,0,4,2,4,0,3,1,2
1741,2251,4,2,2,1,0,0,0,4,3,1,3,4,1,0
1742,2252,0,0,2,3,1,3,1,2,4,2,1,3,1,3
1743,2253,4,3,4,1,2,0,1,2,3,0,3,0,3,4
1744,2254,2,1,3,0,3,1,3,0,2,4,2,0,0,2
1745,2255,1,3,3,4,1,2,0,1,4,2,1,0,2,1
1746,2256,1,3,1,2,3,3,0,4,1,0,4,2,1,0
1747,2257,1,2,2,3,3,4,4,3,3,2,2,1,4,1
1748,2258,3,4,2,2,2,3,2,0,0,0,0,2,1,3
1749,2259,0,1,2,1,3,4,1,4,4,4,1,0,1,0
1750,2260,2,0,2,2,4,4,1,1,3,0,0,4,0,4
1751,2261,1,2,4,3,4,3,4,0,3,1,4,2,4,4
1752,2262,1,4,1,4,1,3,4,1,3,1,4,2,3,1
1753,2263,3,3,1,1,0,2,4,1,3,2,3,3,2,3
1754,2264,2,1,0,4,0,1,1,3,1,3,1,2,4,0
1755,2265,4,4,0,0,1,1,2,0,0,1,2,4,1,1
1756,2266,0,4,2,0,0,2,2,3,4,4,0,0,2,0
1757,2267,0,3,0,4,1,0,1,3,0,2,2,1,1,1
1758,2268,2,2,3,2,3,0,0,4,3,2,4,4,3,1
1759,2269,4,2,0,4,2,1,3,2,3,4,4,4,2,1
1760,2270,4,1,3,3,4,4,0,3,1,4,3,4,2,4
1761,2271,3,4,1,0,0,0,1,3,3,0,0,0,4,0
1762,2272,3,4,2,3,4,1,4,2,4,0,4,0,0,0
1763,2273,2,4,1,0,4,3,0,4,4,1,0,3,2,2
1764,2274,3,0,4,1,1,4,0,2,0,0,3,0,3,3
1765,2275,1,0,2,2,0,4,0,3,4,0,3,1,2,4
1766,2276,1,4,4,4,3,4,1,2,0,1,3,1,3,3
1767,2277,2,4,2,2,4,2,0,4,1,0,1,1,4,3
1768,2278,1,4,4,2,3,4,0,3,2,3,3,4,0,4
1769,2279,1,1,0,3,2,4,4,1,3,0,3,0,1,1
1770,2280,1,3,0,4,4,2,2,1,0,3,3,4,1,4
1771,2281,1,3,1,3,1,4,1,0,4,3,4,1,0,1
1772,2282,3,0,0,0,2,3,3,1,3,3,1,2,0,2
1773,2283,1,4,1,0,3,0,1,4,0,1,3,4,2,3
1774,2284,2,3,4,2,3,3,4,3,1,1,4,4,1,4
1775,2285,1,3,3,4,2,2,2,3,4,4,3,4,1,1
1776,2286,0,4,2,1,3,2,1,4,3,4,0,3,2,4
1777,2287,4,2,4,2,1,4,2,1,1,0,4,1,1,2
1778,2288,2,4,0,0,0,3,0,0,2,3,0,2,1,4
1779,2289,1,2,0,3,4,2,1,2,3,1,2,1,3,0
1780,2290,2,2,3,1,4,4,3,0,2,0,2,3,2,4
1781,2301,4,3,3,2,1,3,3,4,1,2,4,2,4,1
1782,2302,3,2,2,4,3,3,0,4,0,4,3,2,2,1
1783,2303,0,3,1,4,3,1,1,1,3,4,1,2,2,2
1784,2304,2,4,0,1,0,2,1,0,0,0,2,0,1,1
1785,2305,0,0,3,3,0,1,1,0,3,0,4,0,2,3
1786,2306,0,4,3,2,0,2,2,3,4,4,2,0,1,1
1787,2307,2,3,2,1,1,1,4,4,2,0,0,1,0,2
1788,2308,1,3,3,1,1,2,3,0,3,4,3,2,3,3
1789,2309,0,3,0,3,4,2,3,3,3,0,2,4,2,1
1790,2310,4,3,3,0,4,2,3,2,2,1,3,1,4,0
1791,2311,4,0,1,4,2,0,0,1,4,4,3,2,1,4
1792,2312,1,1,2,3,4,1,3,2,1,2,3,3,1,1
1793,2313,4,4,3,3,4,3,4,2,3,3,2,4,0,4
1794,2314,4,2,1,4,4,2,3,1,4,1,1,2,1,2
1795,2315,4,2,1,2,2,3,0,0,1,0,3,0,0,2
1796,2316,2,3,0,0,2,0,1,1,2,4,1,3,4,2
1797,2317,3,3,1,4,3,3,1,3,4,2,2,0,1,3
1798,2318,4,1,3,2,3,0,2,1,1,4,0,0,1,3
1799,2319,2,0,3,1,0,1,1,0,4,2,3,4,3,0
1800,2320,4,3,4,1,1,4,0,4,3,1,4,0,1,0
1801,2321,0,0,1,3,0,1,1,2,0,3,4,4,3,3
1802,2322,1,4,3,0,0,3,1,3,3,4,1,0,1,3
1803,2323,4,2,3,0,2,3,4,0,0,1,3,4,4,3
1804,2324,3,4,0,3,4,4,0,3,1,3,1,2,1,1
1805,2325,4,1,4,1,2,3,0,0,3,4,1,0,2,2
1806,2326,2,0,0,0,2,0,1,1,0,3,0,2,1,3
1807,2327,2,3,4,3,4,1,0,1,1,4,1,4,4,1
1808,2328,3,4,4,0,3,2,2,2,4,4,0,4,2,4
1809,2329,4,1,1,1,0,1,4,2,2,3,0,1,4,4
1810,2330,0,1,2,2,3,0,1,0,3,2,1,1,2,1
1811,2331,0,1,0,3,0,3,0,4,0,4,4,1,0,0
1812,2332,1,3,4,2,2,3,1,1,1,2,3,3,0,0
1813,2333,3,0,2,4,1,1,0,0,4,2,4,3,0,3
1814,2334,2,3,2,3,4,3,2,0,1,3,1,3,1,0
1815,2335,3,0,4,4,0,2,3,0,3,1,4,0,1,0
1816,2336,2,4,1,2,0,4,4,3,2,4,0,2,3,0
1817,2337,2,1,4,1,0,1,0,1,0,0,0,3,4,3
1818,2338,1,0,1,2,1,1,3,1,1,1,0,1,0,4
1819,2339,0,1,2,4,4,0,4,1,1,2,1,4,3,0
1820,2340,3,3,2,1,3,4,3,2,0,2,0,0,0,2
1821,2341,0,3,0,4,0,2,3,2,1,0,3,4,3,3
1822,2342,1,3,1,0,1,1,3,4,2,3,2,0,3,4
1823,2343,1,0,2,4,2,2,2,3,2,0,4,1,1,4
1824,2344,3,4,3,3,4,1,3,1,2,0,2,2,3,0
1825,2345,2,3,4,1,0,4,1,1,3,3,4,1,0,3
1826,2346,4,3,4,0,1,1,2,3,3,2,4,4,0,3
1827,2347,4,0,4,2,4,0,3,3,3,3,1,0,4,1
1828,2348,3,2,0,1,4,0,3,3,1,0,1,3,3,2
1829,2349,2,3,2,2,2,4,4,3,4,3,3,4,0,2
1830,2350,3,3,3,0,2,3,3,0,4,0,2,0,4,0
1831,2351,2,0,0,4,2,4,1,3,1,1,4,4,3,1
1832,2352,4,3,3,1,3,3,2,4,4,2,2,0,3,2
1833,2353,1,2,0,4,2,1,3,4,3,3,4,4,0,4
1834,2354,1,4,0,1,2,3,4,0,3,3,0,2,0,0
1835,2355,0,4,1,3,0,2,1,1,1,1,3,1,2,1
1836,2356,1,3,3,0,1,4,3,4,1,2,4,2,3,2
1837,2357,1,4,0,1,3,1,0,4,3,0,1,2,0,2
1838,2358,3,2,0,3,3,1,1,1,4,1,3,2,1,2
1839,2359,3,2,4,3,3,4,0,2,4,2,2,1,3,4
1840,2360,3,2,3,1,0,1,1,3,1,2,1,0,0,1
1841,2361,3,3,3,3,3,0,2,3,2,2,1,3,0,4
1842,2362,3,4,4,1,2,0,1,4,2,1,1,2,2,4
1843,2363,1,4,2,2,3,3,1,3,0,4,1,2,3,2
1844,2364,2,3,1,3,4,0,4,2,4,2,4,3,0,4
1845,2365,1,3,2,4,4,1,4,0,3,2,1,2,1,2
1846,2366,1,2,3,2,2,0,3,3,1,4,2,3,0,0
1847,2367,0,2,4,1,2,1,1,3,0,3,3,0,2,4
1848,2368,1,1,2,0,3,0,4,1,0,1,3,3,1,0
1849,2369,3,4,4,4,4,4,1,1,0,3,2,2,1,2
1850,2370,2,4,1,3,3,2,3,4,1,1,3,0,1,0
1851,2371,0,2,1,4,4,4,0,3,3,3,1,0,2,3
1852,2372,2,0,4,0,1,4,4,1,2,2,2,1,3,2
1853,2373,2,3,1,3,0,3,2,0,4,0,1,0,1,3
1854,2374,2,4,0,1,1,3,0,2,2,2,1,1,1,2
1855,2375,1,1,2,0,4,4,4,0,1,4,4,3,3,0
1856,2376,4,2,4,1,4,3,2,2,3,3,3,4,3,1
1857,2377,3,2,1,1,0,4,1,4,4,4,2,2,2,4
1858,2378,0,0,3,2,1,3,0,2,3,3,1,1,2,0
1859,2379,1,1,2,3,3,0,4,1,1,4,1,2,3,0
1860,2380,1,3,0,0,2,1,1,1,2,1,3,1,1,1
1861,2381,1,3,1,0,0,0,2,3,4,2,0,2,4,1
1862,2382,3,2,2,2,3,2,0,1,3,3,0,3,3,0
1863,2383,3,3,2,4,4,1,3,1,1,3,4,4,3,4
1864,2384,3,4,2,1,1,4,2,0,3,1,4,3,3,4
1865,2385,0,2,0,1,2,1,2,2,1,4,0,4,1,4
1866,2386,0,4,0,4,1,0,2,0,0,3,2,3,2,3
1867,2387,4,2,3,2,2,1,3,1,0,1,0,0,0,0
1868,2388,0,4,1,3,1,1,2,3,4,3,3,4,1,0
1869,2389,1,1,1,2,0,2,1,2,3,0,2,1,0,0
1870,2390,3,3,2,3,1,3,1,2,2,1,3,3,1,3
1871,2441,2,1,3,2,4,2,1,1,0,4,0,3,1,1
1872,2442,3,4,4,1,3,4,0,2,4,3,2,4,2,2
1873,2443,1,2,4,3,4,0,2,1,3,0,4,4,1,1
1874,2444,3,1,1,1,4,2,0,3,4,3,4,4,4,2
1875,2445,1,3,3,3,2,1,3,1,3,4,3,1,3,4
1876,2446,4,2,3,2,4,1,1,0,3,1,4,3,4,4
1877,2447,2,3,0,4,4,0,1,0,2,1,0,0,2,2
1878,2448,4,3,0,0,4,2,1,3,0,3,3,1,3,3
1879,2449,4,4,3,1,3,3,2,0,2,3,0,0,2,2
1880,2450,0,3,2,2,3,4,3,3,3,2,0,4,3,0
1881,2451,2,4,1,1,3,1,3,1,0,0,1,1,3,4
1882,2452,4,4,1,3,0,0,3,2,2,3,4,0,0,2
1883,2453,0,2,0,1,4,0,1,0,0,1,0,2,2,2
1884,2454,1,0,1,4,2,4,2,4,3,1,3,3,3,1
1885,2455,0,2,1,4,3,4,2,3,1,0,4,4,3,1
1886,2456,2,0,0,2,3,3,2,1,2,2,3,1,1,1
1887,2457,3,0,0,3,3,4,2,4,0,3,2,1,2,3
1888,2458,3,0,2,3,3,3,1,2,0,1,3,3,4,3
1889,2459,2,1,2,1,3,0,4,4,1,0,4,2,0,2
1890,2460,4,1,0,4,0,2,1,4,1,0,2,1,2,1
1891,2461,4,4,1,2,3,2,1,2,4,3,0,1,2,3
1892,2462,0,3,1,4,4,2,0,2,4,1,2,4,4,4
1893,2463,1,1,1,3,1,3,4,0,3,0,1,3,2,2
1894,2464,2,4,3,3,2,2,1,0,4,4,4,4,3,1
1895,2465,1,1,0,3,1,2,2,1,3,4,4,0,4,3
1896,2466,3,1,0,4,1,3,3,2,1,1,4,3,3,0
1897,2467,4,1,0,1,0,1,4,0,2,3,4,1,1,0
1898,2468,0,4,0,1,4,1,0,1,0,0,0,2,1,1
1899,2469,4,2,1,1,3,3,2,1,1,4,4,1,0,4
1900,2470,4,2,3,2,2,3,4,2,1,2,3,2,3,3
1901,2471,2,4,0,2,1,0,2,2,3,3,4,1,3,4
1902,2472,3,1,2,4,0,1,1,0,1,2,2,3,3,3
1903,2473,3,4,0,1,3,1,3,0,0,2,4,1,4,4
1904,2474,0,4,0,3,4,1,3,0,2,4,0,2,3,1
1905,2475,3,1,4,1,4,2,3,2,2,1,2,1,1,4
1906,2476,0,4,2,4,1,3,0,4,2,2,2,0,2,1
1907,2477,3,3,1,3,2,0,2,1,0,0,2,0,2,0
1908,2478,2,2,3,2,0,3,2,2,3,3,0,1,2,3
1909,2479,4,0,2,2,2,2,1,4,2,1,2,1,3,0
1910,2480,1,4,4,3,4,3,4,2,1,1,1,3,0,3
1911,2481,0,4,2,0,0,3,2,3,3,1,4,3,1,4
1912,2482,3,0,3,3,2,1,0,0,0,3,0,0,1,4
1913,2483,4,1,3,4,3,2,3,1,2,1,1,1,3,3
1914,2484,4,2,3,0,2,3,2,2,4,0,0,0,2,0
1915,2485,4,4,1,0,2,1,2,4,4,3,0,4,3,2
1916,2486,2,2,3,2,0,1,3,3,1,1,4,0,1,3
1917,2487,0,2,2,0,1,2,3,4,4,1,0,4,4,4
1918,2488,3,3,0,3,0,1,0,2,1,0,0,3,0,1
1919,2489,2,1,1,3,2,1,2,0,3,1,1,2,1,3
1920,2490,4,3,0,3,4,0,0,0,2,3,3,2,1,0
1921,2491,4,2,2,1,2,0,3,4,2,4,3,1,0,4
1922,2492,4,4,2,3,0,4,1,0,1,2,4,1,0,0
1923,2493,0,3,3,0,3,1,3,2,3,1,3,4,1,1
1924,2494,4,1,3,1,2,4,4,2,4,4,0,1,1,3
1925,2495,3,3,1,4,0,1,2,4,0,1,4,1,4,0
1926,2496,2,1,0,2,2,3,3,1,1,4,0,4,1,0
1927,2497,3,2,2,4,3,1,2,1,2,1,2,3,2,0
1928,2498,0,4,1,2,3,4,2,4,4,2,1,3,2,3
1929,2499,0,1,1,1,4,2,4,1,2,3,0,4,4,2
1930,2500,2,3,0,0,0,2,3,3,0,0,2,3,2,1
1931,2501,0,3,0,0,2,2,2,1,1,3,2,3,1,4
1932,2502,3,0,3,0,3,2,1,0,3,2,3,1,4,1
1933,2503,1,0,4,3,4,4,3,4,1,2,1,3,2,2
1934,2504,2,3,1,1,2,3,0,0,0,1,0,0,4,4
1935,2505,3,2,3,0,3,1,3,0,0,0,3,4,0,0
1936,2506,1,3,3,4,3,1,0,2,0,3,0,0,4,0
1937,2507,0,1,2,2,2,3,4,2,0,1,1,3,1,4
1938,2508,1,0,1,0,0,2,3,4,3,0,4,1,2,2
1939,2509,1,0,4,1,4,0,4,1,4,0,0,4,4,3
1940,2510,4,0,0,3,0,1,4,1,4,0,2,2,0,3
1941,2511,1,0,3,2,3,2,4,0,0,1,3,0,3,0
1942,2512,1,1,0,2,2,4,1,2,0,3,2,3,4,1
1943,2513,0,2,2,2,0,0,4,1,0,3,0,3,0,1
1944,2514,1,1,2,1,2,0,3,3,2,0,0,3,2,2
1945,2515,1,0,2,1,4,3,1,0,1,1,2,0,0,4
1946,2516,2,1,2,1,2,2,2,3,2,3,4,1,1,1
1947,2517,4,1,1,0,2,4,2,0,1,4,3,4,2,4
1948,2518,3,2,0,1,0,3,3,3,3,2,3,1,2,3
1949,2519,4,1,1,2,2,4,0,2,0,0,0,1,2,2
1950,2520,1,2,4,2,2,4,2,4,4,2,4,2,2,2
1951,2521,4,0,3,3,0,1,0,0,1,0,2,2,1,1
1952,2522,4,3,4,3,0,4,4,3,3,1,4,2,3,2
1953,2523,0,4,4,4,0,3,1,3,4,2,2,0,0,3
1954,2524,4,4,2,1,3,3,1,2,3,2,1,4,0,4
1955,2525,1,0,4,3,1,2,0,3,0,3,3,3,3,0
1956,2526,2,2,4,4,2,3,1,2,4,3,1,2,2,0
1957,2527,4,3,4,0,0,4,2,4,2,1,3,2,2,2
1958,2528,1,2,0,3,2,3,3,2,3,3,1,0,1,1
1959,2529,1,0,3,1,3,2,1,3,3,2,2,1,3,2
1960,2530,3,1,1,4,0,3,0,1,1,0,0,2,1,1
1961,2541,3,0,4,0,2,1,3,2,0,2,3,1,3,1
1962,2542,4,1,0,3,1,2,4,4,3,0,0,0,3,2
1963,2543,3,4,0,1,3,1,0,0,4,3,4,1,4,1
1964,2544,0,4,2,0,1,4,0,2,3,4,4,4,0,0
1965,2545,1,4,4,0,3,2,1,2,1,2,3,3,1,2
1966,2546,1,1,2,1,4,1,3,4,3,1,2,3,1,0
1967,2547,4,4,4,0,1,0,0,3,1,3,2,1,4,1
1968,2548,2,0,4,0,2,4,2,0,3,1,3,2,2,3
1969,2549,1,1,3,3,0,1,1,3,2,1,1,0,2,4
1970,2550,0,3,2,1,4,2,2,3,2,3,2,1,0,2
1971,2551,0,3,1,3,4,1,4,0,1,1,4,2,3,4
1972,2552,2,0,3,2,4,3,4,1,3,3,0,4,0,1
1973,2553,0,1,3,4,1,3,2,3,2,4,0,4,4,4
1974,2554,2,4,2,0,2,1,2,2,3,1,3,0,0,3
1975,2555,4,3,0,2,2,0,4,2,3,0,2,3,1,0
1976,2556,3,2,0,3,3,0,1,3,1,3,0,4,1,0
1977,2557,3,4,1,1,0,3,1,4,1,2,0,1,2,2
1978,2558,3,4,4,0,4,2,2,1,1,3,4,3,0,3
1979,2559,2,2,4,3,2,1,1,3,2,4,3,1,2,4
1980,2560,1,3,3,4,3,2,0,4,0,4,1,1,2,3
1981,2561,4,0,1,3,0,3,0,1,2,3,4,1,3,0
1982,2562,1,0,0,4,2,1,1,3,2,0,3,2,1,2
1983,2563,2,4,3,2,3,0,1,4,2,1,4,4,1,4
1984,2564,3,0,3,4,2,3,3,2,3,4,0,0,1,0
1985,2565,1,2,2,0,0,4,4,1,1,0,2,1,1,1
1986,2566,4,1,0,3,4,3,0,2,1,1,1,0,1,4
1987,2567,4,0,0,3,3,4,0,3,0,2,4,0,4,3
1988,2568,2,4,1,2,0,4,4,1,4,2,1,2,3,0
1989,2569,2,2,3,2,2,2,4,2,3,2,3,3,0,4
1990,2570,4,2,4,4,3,1,4,4,4,3,0,0,2,1
1991,2571,3,2,0,3,4,1,2,3,0,3,0,4,3,4
1992,2572,4,2,4,2,1,4,2,4,3,3,4,0,1,2
1993,2573,4,4,3,1,4,2,3,3,3,1,0,4,4,3
1994,2574,3,3,1,4,3,3,4,2,4,1,0,4,0,4
1995,2575,1,0,2,2,4,0,0,4,1,4,3,0,3,2
1996,2576,4,4,4,3,0,4,1,1,4,3,2,0,3,2
1997,2577,0,2,4,4,2,0,0,1,0,1,2,2,3,4
1998,2578,4,1,4,0,2,2,2,4,1,4,0,4,4,1
1999,2579,2,2,0,0,0,0,1,1,0,0,2,4,3,1
2000,2580,2,1,2,1,2,1,0,2,0,2,4,0,2,4
2001,2581,4,0,4,1,3,2,3,4,1,2,2,1,0,3
2002,2582,2,1,3,2,2,2,4,3,0,2,0,3,3,1
2003,2583,0,3,2,0,0,4,4,1,4,3,3,4,2,1
2004,2584,0,4,2,3,2,1,3,3,0,2,2,2,0,2
2005,2585,2,3,0,1,1,3,2,2,1,0,1,2,3,2
2006,2586,1,2,0,2,1,0,3,4,2,1,2,4,3,4
2007,2587,0,4,4,2,1,3,0,1,1,4,3,3,2,1
2008,2588,1,2,4,2,0,4,4,2,0,2,3,1,2,3
2009,2589,1,4,3,3,3,4,1,2,0,0,0,4,0,4
2010,2590,2,4,3,3,2,4,0,0,0,0,3,0,2,4
2011,2591,2,2,2,3,0,0,1,2,0,2,2,1,2,1
2012,2592,1,2,0,1,3,3,3,3,1,4,0,3,2,2
2013,2593,2,3,3,3,3,0,4,1,4,2,3,4,4,2
2014,2594,2,3,2,4,0,3,0,0,4,4,0,1,1,2
2015,2595,0,2,1,4,0,3,1,1,3,0,3,0,0,1
2016,2596,0,0,3,2,1,3,2,4,0,1,3,3,2,0
2017,2597,0,4,1,2,0,2,0,4,1,2,2,4,2,4
2018,2598,4,0,4,3,3,3,3,2,0,2,4,3,2,2
2019,2599,4,1,2,0,3,1,0,0,2,4,2,0,4,2
2020,2600,2,3,0,2,0,3,3,2,0,0,3,4,4,4
2021,2601,4,3,4,2,1,2,2,1,4,0,0,3,3,0
2022,2602,1,3,0,0,2,4,3,3,4,0,1,3,4,1
2023,2603,4,4,0,1,1,4,0,0,1,0,3,0,0,4
2024,2604,4,2,4,2,0,1,4,2,0,3,4,0,3,0
2025,2605,4,1,3,1,3,1,3,0,4,3,2,1,4,0
2026,2606,1,4,0,4,4,4,1,3,1,3,2,4,1,0
2027,2607,3,1,0,2,3,1,1,0,4,2,4,0,4,2
2028,2608,0,2,3,1,4,2,0,0,0,3,1,4,4,4
2029,2609,4,1,0,4,0,4,4,3,0,2,0,4,1,2
2030,2610,3,3,4,0,0,3,0,0,3,0,4,1,0,0
2031,2611,2,3,4,3,0,1,4,4,4,0,2,0,3,3
2032,2612,4,1,1,4,4,0,4,2,0,4,2,0,3,4
2033,2613,3,3,3,1,3,4,2,1,3,1,0,2,4,0
2034,2614,0,1,2,0,3,4,4,0,0,3,1,3,0,4
2035,2615,0,3,4,1,3,4,0,4,0,4,3,1,1,1
2036,2616,0,2,4,0,2,3,3,1,2,0,4,1,4,2
2037,2617,1,3,0,2,3,0,3,4,4,0,1,1,2,3
2038,2618,3,4,0,1,4,2,1,3,0,4,0,4,2,3
2039,2619,4,3,0,2,0,1,1,1,0,0,1,4,1,2
2040,2620,4,1,0,3,2,0,4,3,0,2,2,0,3,3
2041,2621,4,2,4,2,4,2,4,4,0,3,3,0,2,0
2042,2622,2,0,4,1,3,1,1,2,2,0,4,1,1,4
2043,2623,4,1,3,1,1,1,3,0,3,4,3,1,4,0
2044,2624,1,0,1,1,1,4,3,2,0,1,2,3,2,2
2045,2625,3,0,4,4,3,0,3,3,1,2,1,0,3,2
2046,2626,1,3,4,3,3,0,4,4,2,1,1,1,1,0
2047,2627,2,2,2,2,0,4,3,2,3,4,0,1,4,2
2048,2628,0,4,4,0,2,3,4,2,0,0,4,2,3,0
2049,2629,1,3,2,2,3,4,2,1,4,1,1,3,2,1
2050,2630,0,0,1,1,4,4,2,1,0,3,4,0,0,1
2051,2691,4,4,0,0,1,3,4,1,1,1,0,0,4,4
2052,2692,0,4,0,1,0,0,2,2,0,3,2,3,1,1
2053,2693,3,1,0,2,0,3,0,1,1,4,0,1,2,3
2054,2694,2,2,4,1,3,0,4,3,4,2,3,4,1,3
2055,2695,3,2,1,4,0,2,3,4,4,4,3,3,0,1
2056,2696,3,3,4,0,4,2,2,3,3,2,0,2,2,1
2057,2697,0,3,2,4,2,3,2,2,4,0,1,4,0,3
2058,2698,2,2,4,3,0,0,0,2,4,1,1,0,2,0
2059,2699,3,3,3,1,0,1,0,1,4,0,4,2,3,3
2060,2700,0,1,4,4,0,0,4,1,2,1,4,2,4,2
2061,2701,1,2,3,1,0,4,4,4,1,0,2,3,1,4
2062,2702,3,4,0,4,2,1,3,0,2,2,3,0,1,1
2063,2703,1,1,1,1,0,0,2,2,3,4,1,3,0,1
2064,2704,4,4,3,2,0,2,2,3,3,3,3,1,3,3
2065,2705,4,4,2,4,2,1,2,4,1,1,2,1,1,4
2066,2706,0,1,4,2,3,0,1,1,1,2,4,4,0,3
2067,2707,1,3,2,0,4,1,1,4,2,4,2,3,1,2
2068,2708,4,2,1,0,2,3,2,2,3,1,0,0,4,3
2069,2709,4,1,1,0,1,0,3,2,0,2,2,2,2,1
2070,2710,1,1,0,0,1,0,1,2,3,2,0,0,2,0
2071,2711,3,3,0,3,1,0,3,3,4,1,2,3,1,1
2072,2712,4,2,0,2,4,0,2,0,3,3,4,0,4,3
2073,2713,3,0,4,3,3,0,1,3,3,2,3,3,2,2
2074,2714,1,2,3,0,1,1,0,0,4,0,2,4,2,2
2075,2715,4,3,3,0,0,4,4,1,0,1,0,2,1,0
2076,2716,4,1,0,4,1,1,0,0,2,3,0,1,4,0
2077,2717,2,3,1,1,0,0,1,0,3,0,3,4,3,2
2078,2718,1,0,2,1,1,4,1,1,3,1,1,1,2,3
2079,2719,4,4,1,3,3,3,2,2,1,0,4,4,3,4
2080,2720,1,3,0,1,4,0,4,4,4,4,1,3,0,1
2081,2721,3,1,4,0,1,2,3,1,2,4,1,3,0,4
2082,2722,2,4,2,1,1,4,3,3,0,2,0,3,2,0
2083,2723,3,3,3,3,3,4,1,1,2,4,4,2,4,1
2084,2724,1,0,3,1,0,0,0,2,0,4,4,1,0,4
2085,2725,3,2,1,4,3,2,1,3,4,4,2,1,4,3
2086,2726,0,0,2,2,1,1,0,4,2,1,2,1,0,0
2087,2727,1,3,3,1,0,4,0,3,4,3,3,2,4,2
2088,2728,0,0,4,2,2,4,2,1,1,3,4,2,1,1
2089,2729,3,1,0,1,3,3,1,0,1,0,3,3,0,3
2090,2730,4,1,4,2,3,0,0,3,4,4,1,0,2,4
2091,2731,0,0,0,2,1,3,0,1,3,1,0,0,1,4
2092,2732,2,2,3,4,2,1,1,3,3,1,4,3,0,4
2093,2733,3,3,4,4,0,4,2,2,1,2,0,2,0,3
2094,2734,1,0,0,2,1,0,3,1,4,0,1,4,1,0
2095,2735,3,4,0,3,3,1,0,3,0,1,3,3,4,2
2096,2736,4,2,3,3,4,3,1,2,0,3,1,3,3,3
2097,2737,4,2,1,4,1,1,1,0,0,4,2,0,3,0
2098,2738,0,2,0,1,0,0,4,0,1,2,1,0,0,0
2099,2739,3,2,4,2,2,4,3,4,1,1,3,1,1,1
2100,2740,3,3,1,0,1,0,1,2,2,2,2,1,0,4
2101,2741,1,4,3,3,2,2,3,2,4,3,2,1,0,0
2102,2742,2,1,1,2,2,3,1,0,2,3,3,0,2,0
2103,2743,3,0,2,4,4,1,4,0,0,4,4,2,3,4
2104,2744,3,1,3,4,0,2,3,0,1,2,0,2,0,0
2105,2745,0,2,2,0,0,3,4,2,2,4,1,1,1,1
2106,2746,2,2,1,1,1,2,4,1,1,1,1,1,2,3
2107,2747,0,3,1,3,0,4,1,1,4,0,0,0,0,1
2108,2748,1,4,3,4,2,2,2,2,2,0,1,1,2,3
2109,2749,4,3,0,4,1,0,1,2,1,0,2,0,1,3
2110,2750,3,0,2,4,2,2,0,0,3,1,3,3,4,4
2111,2751,2,2,1,4,0,4,4,2,1,3,3,4,1,1
2112,2752,3,1,1,3,1,1,3,3,4,0,2,0,2,4
2113,2753,1,4,2,2,4,0,0,2,1,0,3,3,2,3
2114,2754,4,0,1,4,1,2,4,2,1,3,4,4,4,1
2115,2755,0,2,1,3,2,2,1,1,1,4,1,2,2,4
2116,2756,2,2,0,4,4,1,1,1,3,4,4,4,1,1
2117,2757,4,3,3,2,2,1,3,2,4,2,4,3,1,1
2118,2758,0,4,0,2,4,3,0,0,3,2,4,2,0,1
2119,2759,4,3,3,2,3,3,3,4,4,1,2,0,2,0
2120,2760,3,4,0,4,4,4,1,4,4,4,4,0,1,0
2121,2761,4,4,4,0,0,4,4,1,4,4,4,4,2,1
2122,2762,4,0,3,3,4,4,4,2,4,2,4,3,4,4
2123,2763,4,2,1,1,1,2,0,1,3,3,3,0,2,0
2124,2764,2,1,2,4,1,1,2,3,0,1,3,2,2,0
2125,2765,4,0,1,1,1,1,3,4,4,3,0,0,1,3
2126,2766,3,1,4,1,4,0,3,1,3,0,2,2,1,1
2127,2767,1,1,3,4,2,1,1,3,1,3,0,2,3,0
2128,2768,2,2,1,1,1,3,0,1,2,4,1,2,2,1
2129,2769,1,4,2,3,2,3,2,1,2,3,1,4,2,3
2130,2770,3,2,4,1,1,4,2,3,3,2,3,1,2,2
2131,2771,0,3,0,3,4,2,3,0,4,1,1,2,4,2
2132,2772,0,0,2,0,0,0,0,0,2,4,3,3,1,1
2133,2773,1,1,1,2,4,3,4,3,2,4,0,0,2,4
2134,2774,3,0,0,4,1,4,1,0,3,2,4,2,0,0
2135,2775,0,2,1,2,0,2,3,2,0,4,4,2,0,0
2136,2776,1,4,1,1,1,0,4,2,2,0,3,4,1,2
2137,2777,1,4,2,2,1,1,1,4,0,3,4,1,0,0
2138,2778,2,4,0,0,4,0,2,3,4,4,2,1,1,4
2139,2779,1,1,0,1,0,2,2,0,4,2,4,1,1,2
2140,2780,1,3,3,2,2,3,2,1,4,1,0,0,3,2
2141,2781,0,4,4,3,1,3,4,0,0,1,0,3,4,3
2142,2782,1,1,3,3,0,0,1,3,3,3,4,4,2,4
2143,2783,1,0,3,0,0,1,2,4,0,4,3,3,0,3
2144,2784,0,0,0,1,3,4,4,4,3,3,2,3,1,4
2145,2785,1,0,1,1,0,0,2,0,3,4,4,3,2,2
2146,2786,4,2,3,1,2,3,2,0,0,3,2,2,0,4
2147,2787,4,3,1,2,2,1,1,2,2,1,4,0,3,1
2148,2788,1,4,2,2,2,0,2,0,3,0,3,3,3,4
2149,2789,3,4,1,2,2,4,0,3,1,1,4,1,1,2
2150,2790,4,4,2,3,2,2,0,4,2,3,2,3,1,3
2151,2821,3,1,0,2,4,1,4,4,3,0,1,1,0,1
2152,2822,1,4,0,2,4,0,4,2,4,1,4,2,3,2
2153,2823,4,2,3,1,0,4,1,0,4,2,2,0,4,1
2154,2824,3,3,1,2,2,1,4,3,0,1,1,2,0,3
2155,2825,4,0,4,3,3,3,3,1,0,2,4,0,3,2
2156,2826,0,1,2,2,3,1,1,3,3,0,3,1,4,0
2157,2827,1,0,2,1,3,1,1,4,2,4,3,1,3,3
2158,2828,4,0,0,4,3,1,2,4,2,0,3,1,2,4
2159,2829,1,1,3,0,3,2,0,1,3,2,0,0,3,0
2160,2830,2,0,3,4,3,4,4,0,3,0,0,0,0,4
2161,2831,3,2,3,2,3,2,3,0,1,3,2,3,1,0
2162,2832,4,3,0,3,2,0,2,2,4,0,3,3,2,3
2163,2833,0,2,0,1,4,0,1,4,1,2,4,3,2,2
2164,2834,2,0,1,3,3,1,0,0,3,0,2,1,1,1
2165,2835,3,2,3,1,2,3,4,0,3,3,1,2,2,0
2166,2836,1,4,3,3,2,0,2,1,1,2,0,3,2,4
2167,2837,2,2,2,3,2,4,2,1,1,3,3,0,4,1
2168,2838,0,1,0,3,2,1,2,4,0,0,1,4,1,0
2169,2839,3,3,1,0,3,3,2,3,2,4,0,3,2,4
2170,2840,0,0,4,2,0,0,2,0,2,0,2,0,3,2
2171,2841,0,0,4,0,2,3,0,4,3,0,3,4,4,1
2172,2842,0,1,1,1,1,4,3,0,1,4,2,1,1,0
2173,2843,0,4,3,4,2,4,2,2,1,2,2,4,0,4
2174,2844,3,3,4,4,2,2,4,2,2,0,0,2,1,3
2175,2845,4,3,3,3,3,3,0,2,3,2,3,3,4,4
2176,2846,3,4,4,4,4,0,4,3,1,3,4,3,3,3
2177,2847,3,0,1,3,0,2,4,1,3,2,2,3,1,0
2178,2848,1,2,1,1,4,3,0,0,3,3,3,3,4,1
2179,2849,4,4,2,0,0,0,4,4,4,0,2,1,2,3
2180,2850,4,4,4,1,1,2,0,4,1,1,1,4,0,4
2181,2851,3,3,0,1,4,4,1,4,0,1,3,0,0,2
2182,2852,3,2,2,4,2,1,1,3,1,3,2,3,0,2
2183,2853,1,4,3,2,2,1,0,2,0,2,3,3,0,4
2184,2854,4,2,3,2,2,4,4,4,0,2,3,3,1,2
2185,2855,4,1,2,1,3,3,0,2,0,3,0,1,0,0
2186,2856,2,0,2,2,0,3,2,4,3,4,1,1,2,4
2187,2857,1,2,1,0,2,3,0,0,4,1,1,0,2,4
2188,2858,1,4,3,1,2,4,4,0,4,1,3,4,4,2
2189,2859,2,0,2,3,2,2,0,1,2,1,1,3,4,2
2190,2860,1,3,1,1,1,2,3,1,3,4,0,0,1,2
2191,2861,1,0,2,0,1,4,3,3,0,0,2,2,2,0
2192,2862,0,2,1,2,4,2,4,2,3,3,0,2,0,3
2193,2863,4,1,2,1,4,2,4,0,0,2,3,1,0,1
2194,2864,2,2,4,0,3,4,0,3,3,0,1,3,2,4
2195,2865,3,2,3,0,2,3,4,2,2,3,1,2,2,3
2196,2866,2,3,0,2,1,4,2,1,1,1,2,1,4,1
2197,2867,4,1,4,4,2,2,2,2,2,3,3,3,4,1
2198,2868,4,4,0,1,4,4,0,1,2,1,4,0,0,0
2199,2869,2,3,3,1,1,1,2,2,4,3,0,0,4,4
2200,2870,0,2,1,3,1,1,1,1,1,3,4,4,3,1
2201,2871,0,4,1,4,3,0,3,4,1,0,3,3,4,1
2202,2872,2,3,0,3,2,3,0,3,3,0,1,4,0,4
2203,2873,3,4,4,2,2,2,2,4,3,1,4,4,4,2
2204,2874,2,1,2,4,3,3,3,3,4,4,1,0,1,0
2205,2875,4,2,1,2,4,3,4,2,2,1,1,0,4,0
2206,2876,3,4,4,3,4,4,0,1,2,4,2,1,3,2
2207,2877,4,2,1,0,3,4,1,0,2,2,0,3,4,3
2208,2878,2,2,1,0,0,1,2,0,0,4,1,3,0,1
2209,2879,0,3,0,4,2,3,3,1,2,3,1,2,1,0
2210,2880,1,4,3,0,2,0,3,3,1,4,2,1,2,1
2211,2881,1,0,1,2,2,4,4,1,0,4,2,3,3,3
2212,2882,1,4,3,3,1,0,2,0,4,1,1,3,1,1
2213,2883,3,2,4,2,4,4,0,1,2,3,1,1,1,2
2214,2884,0,0,3,4,3,4,4,1,4,4,2,0,0,1
2215,2885,0,3,2,0,0,0,0,3,3,4,2,2,3,3
2216,2886,4,2,1,3,3,1,1,3,3,4,1,2,0,1
2217,2887,1,4,3,0,1,3,4,1,1,4,1,1,4,0
2218,2888,4,2,0,0,4,0,2,2,2,4,3,3,1,4
2219,2889,1,0,2,1,2,0,0,3,3,0,3,0,1,4
2220,2890,1,0,4,4,4,1,2,1,0,0,3,1,1,1
2221,2891,4,0,0,1,0,4,4,4,0,2,4,2,1,1
2222,2892,0,1,2,4,4,4,0,2,3,0,4,3,0,0
2223,2893,4,4,1,0,2,2,4,3,2,1,1,0,2,3
2224,2894,4,1,2,3,4,0,1,0,4,3,3,4,2,1
2225,2895,0,4,0,1,3,4,4,2,4,4,4,3,3,1
2226,2896,1,1,0,3,1,2,0,4,3,2,2,2,1,2
2227,2897,0,4,4,3,4,1,4,4,4,2,2,1,0,2
2228,2898,2,2,2,1,1,0,2,0,1,4,0,0,1,2
2229,2899,3,3,0,3,3,1,0,1,0,0,0,3,1,0
2230,2900,1,1,3,1,1,1,0,0,1,0,0,3,0,0
2231,2901,0,2,0,1,4,1,2,4,2,2,1,1,2,0
2232,2902,3,0,4,1,3,3,1,0,4,3,0,2,1,1
2233,2903,4,4,1,1,4,1,4,0,4,0,4,4,0,4
2234,2904,4,1,2,1,4,1,0,4,2,4,0,3,2,1
2235,2905,2,1,4,0,3,4,2,2,4,3,2,1,2,1
2236,2906,2,4,2,0,0,0,3,4,2,0,3,4,2,4
2237,2907,0,1,4,2,4,1,2,1,0,2,1,3,3,0
2238,2908,4,1,1,1,1,2,2,4,1,4,0,0,3,4
2239,2909,2,3,3,2,2,4,1,4,3,4,4,4,2,0
2240,2910,3,1,0,1,4,4,3,1,0,4,0,4,2,3
2241,2911,1,0,2,3,2,0,2,4,0,0,1,2,4,0
2242,2912,2,2,4,0,3,3,4,1,3,2,0,3,4,4
2243,2913,4,0,1,0,2,4,1,2,1,4,0,1,3,2
2244,2914,2,0,0,0,3,4,1,1,3,2,2,2,3,0
2245,2915,3,2,2,0,1,3,1,0,2,4,2,4,4,2
2246,2916,1,2,4,3,2,2,2,1,1,3,4,3,3,4
2247,2917,2,4,1,0,1,0,2,0,2,3,3,4,2,3
2248,2918,0,4,3,2,2,3,2,3,3,0,4,3,0,0
2249,2919,4,3,4,3,3,1,3,1,1,2,2,3,1,0
2250,2920,4,2,0,2,4,4,0,2,2,0,3,0,3,3
