EnrolledCoursesID,ReceivedGrade,StudentID,CourseOfferingID
1,C,1,10700
2,C,2,10700
3,B,3,10700
4,A,4,10700
5,B,5,10700
6,A,6,10700
7,C,7,10700
8,C,8,10700
9,C,9,10700
10,B,10,10700
11,B,1,11411
12,B,2,11411
13,B,3,11411
14,A,4,11411
15,C,5,11411
16,A,6,11411
17,B,7,11411
18,C,8,11411
19,C,9,11411
20,B,10,11411
21,A,1,11307
22,C,2,11307
23,A,3,11307
24,C,4,11307
25,B,5,11307
26,B,6,11307
27,A,7,11307
28,C,8,11307
29,B,9,11307
30,B,10,11307
31,A,1,10867
32,B,2,10867
33,A,3,10867
34,B,4,10867
35,C,5,10867
36,A,6,10867
37,C,7,10867
38,B,8,10867
39,A,9,10867
40,B,10,10867
41,B,1,11003
42,C,2,11003
43,B,3,11003
44,B,4,11003
45,C,5,11003
46,B,6,11003
47,C,7,11003
48,C,8,11003
49,B,9,11003
50,B,10,11003
51,A,1,10457
52,C,2,10457
53,A,3,10457
54,B,4,10457
55,C,5,10457
56,C,6,10457
57,A,7,10457
58,B,8,10457
59,A,9,10457
60,B,10,10457
61,B,1,10256
62,B,2,10256
63,B,3,10256
64,B,4,10256
65,B,5,10256
66,B,6,10256
67,B,7,10256
68,C,8,10256
69,C,9,10256
70,C,10,10256
71,A,1,10157
72,C,2,10157
73,B,3,10157
74,B,4,10157
75,A,5,10157
76,B,6,10157
77,A,7,10157
78,A,8,10157
79,A,9,10157
80,A,10,10157
81,A,1,10000
82,B,2,10000
83,A,3,10000
84,B,4,10000
85,B,5,10000
86,C,6,10000
87,B,7,10000
88,A,8,10000
89,A,9,10000
90,C,10,10000
91,A,1,9471
92,C,2,9471
93,A,3,9471
94,C,4,9471
95,A,5,9471
96,B,6,9471
97,A,7,9471
98,B,8,9471
99,A,9,9471
100,B,10,9471
101,A,1,8438
102,C,2,8438
103,B,3,8438
104,C,4,8438
105,A,5,8438
106,B,6,8438
107,B,7,8438
108,A,8,8438
109,A,9,8438
110,B,10,8438
111,B,1,9120
112,B,2,9120
113,B,3,9120
114,B,4,9120
115,C,5,9120
116,A,6,9120
117,A,7,9120
118,A,8,9120
119,A,9,9120
120,A,10,9120
121,B,1,9265
122,B,2,9265
123,B,3,9265
124,B,4,9265
125,B,5,9265
126,C,6,9265
127,B,7,9265
128,B,8,9265
129,B,9,9265
130,B,10,9265
131,C,1,8210
132,B,2,8210
133,B,3,8210
134,B,4,8210
135,B,5,8210
136,C,6,8210
137,C,7,8210
138,C,8,8210
139,A,9,8210
140,C,10,8210
141,B,1,7497
142,C,2,7497
143,B,3,7497
144,B,4,7497
145,C,5,7497
146,C,6,7497
147,B,7,7497
148,B,8,7497
149,C,9,7497
150,A,10,7497
151,B,1,7657
152,B,2,7657
153,B,3,7657
154,C,4,7657
155,B,5,7657
156,B,6,7657
157,C,7,7657
158,C,8,7657
159,A,9,7657
160,A,10,7657
161,A,1,8257
162,B,2,8257
163,B,3,8257
164,A,4,8257
165,B,5,8257
166,B,6,8257
167,C,7,8257
168,A,8,8257
169,A,9,8257
170,B,10,8257
171,B,1,7898
172,C,2,7898
173,A,3,7898
174,B,4,7898
175,B,5,7898
176,B,6,7898
177,B,7,7898
178,A,8,7898
179,B,9,7898
180,A,10,7898
181,C,1,6571
182,A,2,6571
183,B,3,6571
184,C,4,6571
185,B,5,6571
186,B,6,6571
187,B,7,6571
188,C,8,6571
189,B,9,6571
190,B,10,6571
191,B,1,6750
192,C,2,6750
193,A,3,6750
194,B,4,6750
195,C,5,6750
196,C,6,6750
197,A,7,6750
198,A,8,6750
199,A,9,6750
200,B,10,6750
201,C,1,6830
202,B,2,6830
203,B,3,6830
204,B,4,6830
205,C,5,6830
206,B,6,6830
207,C,7,6830
208,C,8,6830
209,B,9,6830
210,C,10,6830
211,B,1,6927
212,B,2,6927
213,A,3,6927
214,C,4,6927
215,B,5,6927
216,B,6,6927
217,C,7,6927
218,B,8,6927
219,B,9,6927
220,A,10,6927
221,A,1,7168
222,B,2,7168
223,C,3,7168
224,B,4,7168
225,A,5,7168
226,B,6,7168
227,A,7,7168
228,A,8,7168
229,B,9,7168
230,C,10,7168
231,B,1,6555
232,A,2,6555
233,A,3,6555
234,B,4,6555
235,C,5,6555
236,A,6,6555
237,A,7,6555
238,C,8,6555
239,A,9,6555
240,C,10,6555
241,B,1,6148
242,B,2,6148
243,B,3,6148
244,A,4,6148
245,B,5,6148
246,B,6,6148
247,A,7,6148
248,A,8,6148
249,B,9,6148
250,A,10,6148
251,C,1,6557
252,B,2,6557
253,C,3,6557
254,B,4,6557
255,B,5,6557
256,B,6,6557
257,A,7,6557
258,A,8,6557
259,B,9,6557
260,C,10,6557
261,A,1,6482
262,B,2,6482
263,B,3,6482
264,B,4,6482
265,B,5,6482
266,B,6,6482
267,A,7,6482
268,B,8,6482
269,C,9,6482
270,B,10,6482
271,B,1,6229
272,B,2,6229
273,B,3,6229
274,B,4,6229
275,A,5,6229
276,C,6,6229
277,C,7,6229
278,B,8,6229
279,B,9,6229
280,B,10,6229
281,C,1,4982
282,C,2,4982
283,B,3,4982
284,A,4,4982
285,A,5,4982
286,B,6,4982
287,B,7,4982
288,B,8,4982
289,B,9,4982
290,B,10,4982
291,B,1,4399
292,B,2,4399
293,A,3,4399
294,A,4,4399
295,A,5,4399
296,C,6,4399
297,C,7,4399
298,A,8,4399
299,C,9,4399
300,C,10,4399
301,C,1,5133
302,C,2,5133
303,A,3,5133
304,C,4,5133
305,A,5,5133
306,A,6,5133
307,B,7,5133
308,A,8,5133
309,B,9,5133
310,B,10,5133
311,C,1,5250
312,A,2,5250
313,B,3,5250
314,A,4,5250
315,C,5,5250
316,C,6,5250
317,B,7,5250
318,A,8,5250
319,A,9,5250
320,B,10,5250
321,B,1,4861
322,A,2,4861
323,B,3,4861
324,B,4,4861
325,A,5,4861
326,B,6,4861
327,B,7,4861
328,B,8,4861
329,B,9,4861
330,C,10,4861
331,B,1,3384
332,B,2,3384
333,B,3,3384
334,B,4,3384
335,C,5,3384
336,A,6,3384
337,B,7,3384
338,B,8,3384
339,B,9,3384
340,B,10,3384
341,A,1,3533
342,A,2,3533
343,A,3,3533
344,C,4,3533
345,A,5,3533
346,C,6,3533
347,C,7,3533
348,C,8,3533
349,A,9,3533
350,C,10,3533
351,C,1,4381
352,B,2,4381
353,B,3,4381
354,A,4,4381
355,B,5,4381
356,A,6,4381
357,A,7,4381
358,A,8,4381
359,C,9,4381
360,B,10,4381
361,C,1,4081
362,B,2,4081
363,C,3,4081
364,B,4,4081
365,B,5,4081
366,C,6,4081
367,B,7,4081
368,B,8,4081
369,A,9,4081
370,B,10,4081
371,B,1,3898
372,B,2,3898
373,C,3,3898
374,B,4,3898
375,A,5,3898
376,C,6,3898
377,A,7,3898
378,A,8,3898
379,B,9,3898
380,B,10,3898
381,B,11,10578
382,B,12,10578
383,A,13,10578
384,A,14,10578
385,A,15,10578
386,B,16,10578
387,B,17,10578
388,A,18,10578
389,C,19,10578
390,B,20,10578
391,B,11,11411
392,B,12,11411
393,B,13,11411
394,C,14,11411
395,B,15,11411
396,C,16,11411
397,A,17,11411
398,A,18,11411
399,B,19,11411
400,B,20,11411
401,A,11,11307
402,B,12,11307
403,A,13,11307
404,B,14,11307
405,A,15,11307
406,B,16,11307
407,A,17,11307
408,C,18,11307
409,A,19,11307
410,B,20,11307
411,B,11,10867
412,C,12,10867
413,B,13,10867
414,B,14,10867
415,A,15,10867
416,B,16,10867
417,B,17,10867
418,A,18,10867
419,B,19,10867
420,B,20,10867
421,B,11,12164
422,A,12,12164
423,B,13,12164
424,B,14,12164
425,B,15,12164
426,C,16,12164
427,A,17,12164
428,A,18,12164
429,A,19,12164
430,A,20,12164
431,B,11,9722
432,A,12,9722
433,A,13,9722
434,A,14,9722
435,B,15,9722
436,B,16,9722
437,A,17,9722
438,C,18,9722
439,B,19,9722
440,C,20,9722
441,B,11,10256
442,B,12,10256
443,B,13,10256
444,A,14,10256
445,A,15,10256
446,B,16,10256
447,C,17,10256
448,A,18,10256
449,C,19,10256
450,A,20,10256
451,B,11,10457
452,B,12,10457
453,A,13,10457
454,B,14,10457
455,C,15,10457
456,A,16,10457
457,C,17,10457
458,B,18,10457
459,B,19,10457
460,B,20,10457
461,B,11,10157
462,C,12,10157
463,A,13,10157
464,C,14,10157
465,A,15,10157
466,C,16,10157
467,B,17,10157
468,A,18,10157
469,B,19,10157
470,A,20,10157
471,C,11,10000
472,B,12,10000
473,A,13,10000
474,B,14,10000
475,B,15,10000
476,B,16,10000
477,B,17,10000
478,B,18,10000
479,B,19,10000
480,B,20,10000
481,C,11,8438
482,C,12,8438
483,B,13,8438
484,C,14,8438
485,C,15,8438
486,B,16,8438
487,A,17,8438
488,C,18,8438
489,B,19,8438
490,C,20,8438
491,B,11,9320
492,C,12,9320
493,A,13,9320
494,B,14,9320
495,C,15,9320
496,A,16,9320
497,B,17,9320
498,A,18,9320
499,B,19,9320
500,B,20,9320
501,B,11,7222
502,A,12,7222
503,B,13,7222
504,C,14,7222
505,B,15,7222
506,B,16,7222
507,C,17,7222
508,C,18,7222
509,A,19,7222
510,A,20,7222
511,B,11,9265
512,B,12,9265
513,A,13,9265
514,C,14,9265
515,B,15,9265
516,B,16,9265
517,A,17,9265
518,A,18,9265
519,C,19,9265
520,C,20,9265
521,B,11,8857
522,C,12,8857
523,C,13,8857
524,C,14,8857
525,A,15,8857
526,A,16,8857
527,C,17,8857
528,A,18,8857
529,B,19,8857
530,B,20,8857
531,B,11,5740
532,A,12,5740
533,A,13,5740
534,C,14,5740
535,A,15,5740
536,B,16,5740
537,B,17,5740
538,A,18,5740
539,A,19,5740
540,C,20,5740
541,C,11,6152
542,A,12,6152
543,B,13,6152
544,B,14,6152
545,A,15,6152
546,B,16,6152
547,A,17,6152
548,A,18,6152
549,C,19,6152
550,C,20,6152
551,C,11,5609
552,C,12,5609
553,A,13,5609
554,B,14,5609
555,B,15,5609
556,A,16,5609
557,C,17,5609
558,C,18,5609
559,A,19,5609
560,C,20,5609
561,C,11,6510
562,B,12,6510
563,B,13,6510
564,A,14,6510
565,A,15,6510
566,C,16,6510
567,A,17,6510
568,B,18,6510
569,A,19,6510
570,A,20,6510
571,A,11,6229
572,B,12,6229
573,C,13,6229
574,B,14,6229
575,A,15,6229
576,A,16,6229
577,B,17,6229
578,B,18,6229
579,B,19,6229
580,A,20,6229
581,B,11,6752
582,B,12,6752
583,B,13,6752
584,C,14,6752
585,A,15,6752
586,A,16,6752
587,B,17,6752
588,B,18,6752
589,B,19,6752
590,B,20,6752
591,B,11,6863
592,A,12,6863
593,A,13,6863
594,C,14,6863
595,B,15,6863
596,B,16,6863
597,C,17,6863
598,A,18,6863
599,A,19,6863
600,B,20,6863
601,B,11,6574
602,B,12,6574
603,B,13,6574
604,A,14,6574
605,B,15,6574
606,B,16,6574
607,B,17,6574
608,C,18,6574
609,C,19,6574
610,B,20,6574
611,B,11,6830
612,C,12,6830
613,A,13,6830
614,C,14,6830
615,A,15,6830
616,B,16,6830
617,C,17,6830
618,B,18,6830
619,C,19,6830
620,B,20,6830
621,B,11,7085
622,B,12,7085
623,C,13,7085
624,B,14,7085
625,B,15,7085
626,A,16,7085
627,A,17,7085
628,B,18,7085
629,C,19,7085
630,C,20,7085
631,B,11,5887
632,C,12,5887
633,B,13,5887
634,B,14,5887
635,A,15,5887
636,A,16,5887
637,C,17,5887
638,A,18,5887
639,B,19,5887
640,B,20,5887
641,B,11,6565
642,A,12,6565
643,C,13,6565
644,B,14,6565
645,B,15,6565
646,B,16,6565
647,B,17,6565
648,A,18,6565
649,C,19,6565
650,A,20,6565
651,B,11,6265
652,A,12,6265
653,B,13,6265
654,B,14,6265
655,A,15,6265
656,A,16,6265
657,B,17,6265
658,C,18,6265
659,C,19,6265
660,C,20,6265
661,B,11,6561
662,B,12,6561
663,B,13,6561
664,B,14,6561
665,C,15,6561
666,A,16,6561
667,B,17,6561
668,A,18,6561
669,A,19,6561
670,B,20,6561
671,C,11,6283
672,C,12,6283
673,C,13,6283
674,C,14,6283
675,C,15,6283
676,B,16,6283
677,A,17,6283
678,A,18,6283
679,B,19,6283
680,A,20,6283
681,B,11,4990
682,A,12,4990
683,A,13,4990
684,C,14,4990
685,B,15,4990
686,B,16,4990
687,B,17,4990
688,C,18,4990
689,C,19,4990
690,B,20,4990
691,B,11,4683
692,B,12,4683
693,B,13,4683
694,A,14,4683
695,A,15,4683
696,C,16,4683
697,B,17,4683
698,B,18,4683
699,B,19,4683
700,A,20,4683
701,B,11,5133
702,B,12,5133
703,B,13,5133
704,B,14,5133
705,B,15,5133
706,C,16,5133
707,C,17,5133
708,B,18,5133
709,A,19,5133
710,B,20,5133
711,B,11,4861
712,C,12,4861
713,C,13,4861
714,C,14,4861
715,B,15,4861
716,B,16,4861
717,A,17,4861
718,A,18,4861
719,C,19,4861
720,C,20,4861
721,C,11,3540
722,C,12,3540
723,B,13,3540
724,C,14,3540
725,B,15,3540
726,A,16,3540
727,B,17,3540
728,C,18,3540
729,B,19,3540
730,B,20,3540
731,B,11,3924
732,C,12,3924
733,B,13,3924
734,C,14,3924
735,B,15,3924
736,B,16,3924
737,B,17,3924
738,B,18,3924
739,B,19,3924
740,C,20,3924
741,A,11,4081
742,A,12,4081
743,B,13,4081
744,A,14,4081
745,A,15,4081
746,C,16,4081
747,C,17,4081
748,A,18,4081
749,C,19,4081
750,C,20,4081
751,C,11,3384
752,B,12,3384
753,A,13,3384
754,C,14,3384
755,C,15,3384
756,B,16,3384
757,B,17,3384
758,A,18,3384
759,B,19,3384
760,B,20,3384
761,C,11,4017
762,C,12,4017
763,A,13,4017
764,B,14,4017
765,A,15,4017
766,A,16,4017
767,B,17,4017
768,C,18,4017
769,B,19,4017
770,B,20,4017
771,B,21,8567
772,C,22,8567
773,B,23,8567
774,B,24,8567
775,A,25,8567
776,A,26,8567
777,A,27,8567
778,C,28,8567
779,B,29,8567
780,A,30,8567
781,C,21,9317
782,B,22,9317
783,B,23,9317
784,C,24,9317
785,B,25,9317
786,A,26,9317
787,B,27,9317
788,C,28,9317
789,B,29,9317
790,B,30,9317
791,B,21,9198
792,B,22,9198
793,C,23,9198
794,C,24,9198
795,A,25,9198
796,B,26,9198
797,C,27,9198
798,C,28,9198
799,B,29,9198
800,B,30,9198
801,A,21,8732
802,A,22,8732
803,B,23,8732
804,B,24,8732
805,A,25,8732
806,A,26,8732
807,A,27,8732
808,B,28,8732
809,B,29,8732
810,B,30,8732
811,B,21,8857
812,C,22,8857
813,B,23,8857
814,B,24,8857
815,A,25,8857
816,A,26,8857
817,C,27,8857
818,C,28,8857
819,C,29,8857
820,B,30,8857
821,B,21,7351
822,B,22,7351
823,B,23,7351
824,A,24,7351
825,C,25,7351
826,A,26,7351
827,B,27,7351
828,C,28,7351
829,A,29,7351
830,B,30,7351
831,A,21,8124
832,C,22,8124
833,A,23,8124
834,C,24,8124
835,B,25,8124
836,A,26,8124
837,B,27,8124
838,B,28,8124
839,B,29,8124
840,A,30,8124
841,B,21,8005
842,B,22,8005
843,B,23,8005
844,B,24,8005
845,B,25,8005
846,B,26,8005
847,B,27,8005
848,B,28,8005
849,C,29,8005
850,B,30,8005
851,A,21,7879
852,A,22,7879
853,A,23,7879
854,B,24,7879
855,A,25,7879
856,B,26,7879
857,B,27,7879
858,C,28,7879
859,C,29,7879
860,C,30,7879
861,C,21,8052
862,B,22,8052
863,A,23,8052
864,B,24,8052
865,C,25,8052
866,B,26,8052
867,A,27,8052
868,B,28,8052
869,A,29,8052
870,B,30,8052
871,C,21,6672
872,C,22,6672
873,C,23,6672
874,A,24,6672
875,B,25,6672
876,B,26,6672
877,B,27,6672
878,A,28,6672
879,C,29,6672
880,C,30,6672
881,B,21,7095
882,C,22,7095
883,C,23,7095
884,B,24,7095
885,B,25,7095
886,B,26,7095
887,B,27,7095
888,B,28,7095
889,C,29,7095
890,C,30,7095
891,C,21,7189
892,B,22,7189
893,C,23,7189
894,B,24,7189
895,C,25,7189
896,A,26,7189
897,B,27,7189
898,B,28,7189
899,A,29,7189
900,C,30,7189
901,C,21,6265
902,C,22,6265
903,A,23,6265
904,A,24,6265
905,A,25,6265
906,C,26,6265
907,C,27,6265
908,B,28,6265
909,C,29,6265
910,B,30,6265
911,C,21,5740
912,B,22,5740
913,B,23,5740
914,A,24,5740
915,A,25,5740
916,C,26,5740
917,C,27,5740
918,B,28,5740
919,A,29,5740
920,B,30,5740
921,B,21,5843
922,A,22,5843
923,A,23,5843
924,A,24,5843
925,B,25,5843
926,B,26,5843
927,C,27,5843
928,B,28,5843
929,B,29,5843
930,B,30,5843
931,A,21,6514
932,B,22,6514
933,A,23,6514
934,B,24,6514
935,C,25,6514
936,A,26,6514
937,A,27,6514
938,A,28,6514
939,C,29,6514
940,B,30,6514
941,B,21,6146
942,B,22,6146
943,B,23,6146
944,C,24,6146
945,C,25,6146
946,A,26,6146
947,C,27,6146
948,C,28,6146
949,B,29,6146
950,C,30,6146
951,C,21,4397
952,A,22,4397
953,B,23,4397
954,B,24,4397
955,C,25,4397
956,C,26,4397
957,B,27,4397
958,B,28,4397
959,B,29,4397
960,B,30,4397
961,B,21,4676
962,B,22,4676
963,B,23,4676
964,B,24,4676
965,B,25,4676
966,A,26,4676
967,C,27,4676
968,B,28,4676
969,B,29,4676
970,B,30,4676
971,C,21,4802
972,A,22,4802
973,B,23,4802
974,B,24,4802
975,C,25,4802
976,B,26,4802
977,C,27,4802
978,C,28,4802
979,C,29,4802
980,B,30,4802
981,B,21,4516
982,B,22,4516
983,B,23,4516
984,A,24,4516
985,A,25,4516
986,C,26,4516
987,B,27,4516
988,B,28,4516
989,B,29,4516
990,C,30,4516
991,A,21,4861
992,B,22,4861
993,A,23,4861
994,A,24,4861
995,C,25,4861
996,B,26,4861
997,B,27,4861
998,C,28,4861
999,A,29,4861
1000,C,30,4861
1001,B,21,4375
1002,B,22,4375
1003,B,23,4375
1004,B,24,4375
1005,B,25,4375
1006,B,26,4375
1007,B,27,4375
1008,A,28,4375
1009,B,29,4375
1010,B,30,4375
1011,B,21,3923
1012,B,22,3923
1013,C,23,3923
1014,B,24,3923
1015,B,25,3923
1016,B,26,3923
1017,C,27,3923
1018,B,28,3923
1019,B,29,3923
1020,C,30,3923
1021,B,21,4377
1022,B,22,4377
1023,B,23,4377
1024,A,24,4377
1025,C,25,4377
1026,B,26,4377
1027,B,27,4377
1028,A,28,4377
1029,B,29,4377
1030,B,30,4377
1031,B,21,4301
1032,B,22,4301
1033,C,23,4301
1034,C,24,4301
1035,B,25,4301
1036,A,26,4301
1037,B,27,4301
1038,A,28,4301
1039,C,29,4301
1040,A,30,4301
1041,B,21,4017
1042,A,22,4017
1043,A,23,4017
1044,C,24,4017
1045,B,25,4017
1046,C,26,4017
1047,B,27,4017
1048,B,28,4017
1049,A,29,4017
1050,A,30,4017
1051,B,21,2679
1052,B,22,2679
1053,A,23,2679
1054,B,24,2679
1055,B,25,2679
1056,C,26,2679
1057,B,27,2679
1058,C,28,2679
1059,B,29,2679
1060,C,30,2679
1061,B,21,2372
1062,B,22,2372
1063,A,23,2372
1064,B,24,2372
1065,B,25,2372
1066,C,26,2372
1067,B,27,2372
1068,C,28,2372
1069,B,29,2372
1070,C,30,2372
1071,C,21,2864
1072,C,22,2864
1073,B,23,2864
1074,B,24,2864
1075,B,25,2864
1076,B,26,2864
1077,C,27,2864
1078,B,28,2864
1079,B,29,2864
1080,A,30,2864
1081,B,21,3035
1082,A,22,3035
1083,B,23,3035
1084,C,24,3035
1085,B,25,3035
1086,B,26,3035
1087,A,27,3035
1088,B,28,3035
1089,A,29,3035
1090,C,30,3035
1091,C,21,4861
1092,C,22,4861
1093,C,23,4861
1094,B,24,4861
1095,B,25,4861
1096,A,26,4861
1097,B,27,4861
1098,A,28,4861
1099,A,29,4861
1100,A,30,4861
1101,A,21,1338
1102,B,22,1338
1103,A,23,1338
1104,C,24,1338
1105,B,25,1338
1106,A,26,1338
1107,B,27,1338
1108,A,28,1338
1109,B,29,1338
1110,C,30,1338
1111,B,21,1340
1112,B,22,1340
1113,A,23,1340
1114,A,24,1340
1115,A,25,1340
1116,A,26,1340
1117,B,27,1340
1118,B,28,1340
1119,B,29,1340
1120,C,30,1340
1121,B,21,2150
1122,A,22,2150
1123,B,23,2150
1124,A,24,2150
1125,A,25,2150
1126,B,26,2150
1127,C,27,2150
1128,C,28,2150
1129,B,29,2150
1130,B,30,2150
1131,C,21,1864
1132,C,22,1864
1133,B,23,1864
1134,B,24,1864
1135,A,25,1864
1136,C,26,1864
1137,B,27,1864
1138,B,28,1864
1139,B,29,1864
1140,B,30,1864
1141,B,21,1594
1142,A,22,1594
1143,B,23,1594
1144,B,24,1594
1145,A,25,1594
1146,B,26,1594
1147,C,27,1594
1148,C,28,1594
1149,B,29,1594
1150,A,30,1594
1151,C,31,9315
1152,C,32,9315
1153,C,33,9315
1154,B,34,9315
1155,A,35,9315
1156,B,36,9315
1157,B,37,9315
1158,A,38,9315
1159,B,39,9315
1160,C,40,9315
1161,B,31,9317
1162,A,32,9317
1163,C,33,9317
1164,A,34,9317
1165,B,35,9317
1166,B,36,9317
1167,B,37,9317
1168,A,38,9317
1169,C,39,9317
1170,C,40,9317
1171,C,31,9198
1172,B,32,9198
1173,C,33,9198
1174,C,34,9198
1175,B,35,9198
1176,A,36,9198
1177,A,37,9198
1178,B,38,9198
1179,A,39,9198
1180,B,40,9198
1181,B,31,8732
1182,C,32,8732
1183,C,33,8732
1184,C,34,8732
1185,A,35,8732
1186,A,36,8732
1187,B,37,8732
1188,B,38,8732
1189,A,39,8732
1190,B,40,8732
1191,B,31,8857
1192,A,32,8857
1193,C,33,8857
1194,B,34,8857
1195,B,35,8857
1196,B,36,8857
1197,B,37,8857
1198,A,38,8857
1199,A,39,8857
1200,C,40,8857
1201,C,31,7617
1202,C,32,7617
1203,B,33,7617
1204,B,34,7617
1205,B,35,7617
1206,B,36,7617
1207,A,37,7617
1208,B,38,7617
1209,C,39,7617
1210,C,40,7617
1211,C,31,8124
1212,B,32,8124
1213,C,33,8124
1214,A,34,8124
1215,A,35,8124
1216,C,36,8124
1217,B,37,8124
1218,C,38,8124
1219,C,39,8124
1220,B,40,8124
1221,B,31,7351
1222,C,32,7351
1223,B,33,7351
1224,B,34,7351
1225,B,35,7351
1226,B,36,7351
1227,C,37,7351
1228,C,38,7351
1229,C,39,7351
1230,C,40,7351
1231,C,31,8005
1232,B,32,8005
1233,A,33,8005
1234,A,34,8005
1235,A,35,8005
1236,B,36,8005
1237,B,37,8005
1238,B,38,8005
1239,C,39,8005
1240,B,40,8005
1241,C,31,7879
1242,B,32,7879
1243,B,33,7879
1244,C,34,7879
1245,C,35,7879
1246,B,36,7879
1247,C,37,7879
1248,B,38,7879
1249,B,39,7879
1250,B,40,7879
1251,B,31,6676
1252,C,32,6676
1253,B,33,6676
1254,B,34,6676
1255,A,35,6676
1256,C,36,6676
1257,B,37,6676
1258,C,38,6676
1259,B,39,6676
1260,A,40,6676
1261,B,31,7221
1262,B,32,7221
1263,A,33,7221
1264,C,34,7221
1265,B,35,7221
1266,A,36,7221
1267,B,37,7221
1268,C,38,7221
1269,A,39,7221
1270,C,40,7221
1271,C,31,7222
1272,B,32,7222
1273,C,33,7222
1274,C,34,7222
1275,B,35,7222
1276,B,36,7222
1277,B,37,7222
1278,C,38,7222
1279,A,39,7222
1280,A,40,7222
1281,B,31,7189
1282,C,32,7189
1283,C,33,7189
1284,A,34,7189
1285,B,35,7189
1286,A,36,7189
1287,A,37,7189
1288,A,38,7189
1289,B,39,7189
1290,B,40,7189
1291,C,31,6883
1292,C,32,6883
1293,B,33,6883
1294,A,34,6883
1295,A,35,6883
1296,C,36,6883
1297,B,37,6883
1298,A,38,6883
1299,A,39,6883
1300,B,40,6883
1301,C,31,5747
1302,A,32,5747
1303,C,33,5747
1304,C,34,5747
1305,B,35,5747
1306,C,36,5747
1307,B,37,5747
1308,B,38,5747
1309,B,39,5747
1310,C,40,5747
1311,B,31,6152
1312,C,32,6152
1313,B,33,6152
1314,B,34,6152
1315,B,35,6152
1316,B,36,6152
1317,A,37,6152
1318,B,38,6152
1319,A,39,6152
1320,C,40,6152
1321,A,31,5609
1322,B,32,5609
1323,B,33,5609
1324,C,34,5609
1325,B,35,5609
1326,C,36,5609
1327,B,37,5609
1328,A,38,5609
1329,C,39,5609
1330,B,40,5609
1331,B,31,6514
1332,C,32,6514
1333,C,33,6514
1334,C,34,6514
1335,A,35,6514
1336,B,36,6514
1337,C,37,6514
1338,B,38,6514
1339,B,39,6514
1340,A,40,6514
1341,C,31,6229
1342,A,32,6229
1343,A,33,6229
1344,A,34,6229
1345,B,35,6229
1346,A,36,6229
1347,B,37,6229
1348,C,38,6229
1349,B,39,6229
1350,B,40,6229
1351,B,31,4681
1352,B,32,4681
1353,A,33,4681
1354,B,34,4681
1355,B,35,4681
1356,B,36,4681
1357,C,37,4681
1358,C,38,4681
1359,B,39,4681
1360,C,40,4681
1361,B,31,4851
1362,B,32,4851
1363,B,33,4851
1364,C,34,4851
1365,A,35,4851
1366,A,36,4851
1367,C,37,4851
1368,A,38,4851
1369,C,39,4851
1370,B,40,4851
1371,B,31,4403
1372,A,32,4403
1373,B,33,4403
1374,B,34,4403
1375,B,35,4403
1376,B,36,4403
1377,C,37,4403
1378,C,38,4403
1379,C,39,4403
1380,B,40,4403
1381,B,31,4802
1382,B,32,4802
1383,B,33,4802
1384,B,34,4802
1385,B,35,4802
1386,B,36,4802
1387,C,37,4802
1388,C,38,4802
1389,A,39,4802
1390,A,40,4802
1391,B,31,5250
1392,C,32,5250
1393,C,33,5250
1394,A,34,5250
1395,A,35,5250
1396,A,36,5250
1397,C,37,5250
1398,B,38,5250
1399,B,39,5250
1400,A,40,5250
1401,B,31,3655
1402,A,32,3655
1403,B,33,3655
1404,A,34,3655
1405,B,35,3655
1406,C,36,3655
1407,B,37,3655
1408,B,38,3655
1409,B,39,3655
1410,B,40,3655
1411,A,31,4385
1412,A,32,4385
1413,C,33,4385
1414,A,34,4385
1415,B,35,4385
1416,B,36,4385
1417,B,37,4385
1418,C,38,4385
1419,A,39,4385
1420,A,40,4385
1421,C,31,4060
1422,B,32,4060
1423,A,33,4060
1424,B,34,4060
1425,B,35,4060
1426,B,36,4060
1427,B,37,4060
1428,C,38,4060
1429,C,39,4060
1430,B,40,4060
1431,C,31,4381
1432,C,32,4381
1433,B,33,4381
1434,A,34,4381
1435,B,35,4381
1436,A,36,4381
1437,C,37,4381
1438,C,38,4381
1439,B,39,4381
1440,A,40,4381
1441,A,31,3400
1442,B,32,3400
1443,A,33,3400
1444,B,34,3400
1445,A,35,3400
1446,A,36,3400
1447,C,37,3400
1448,B,38,3400
1449,B,39,3400
1450,C,40,3400
1451,C,31,2689
1452,A,32,2689
1453,A,33,2689
1454,C,34,2689
1455,A,35,2689
1456,B,36,2689
1457,B,37,2689
1458,C,38,2689
1459,C,39,2689
1460,C,40,2689
1461,B,31,2438
1462,B,32,2438
1463,B,33,2438
1464,B,34,2438
1465,B,35,2438
1466,A,36,2438
1467,A,37,2438
1468,B,38,2438
1469,B,39,2438
1470,C,40,2438
1471,B,31,2864
1472,C,32,2864
1473,C,33,2864
1474,B,34,2864
1475,A,35,2864
1476,B,36,2864
1477,C,37,2864
1478,A,38,2864
1479,A,39,2864
1480,C,40,2864
1481,B,31,6501
1482,C,32,6501
1483,B,33,6501
1484,A,34,6501
1485,B,35,6501
1486,B,36,6501
1487,B,37,6501
1488,A,38,6501
1489,A,39,6501
1490,C,40,6501
1491,A,31,1354
1492,A,32,1354
1493,B,33,1354
1494,B,34,1354
1495,C,35,1354
1496,A,36,1354
1497,B,37,1354
1498,B,38,1354
1499,C,39,1354
1500,B,40,1354
1501,C,31,1693
1502,A,32,1693
1503,B,33,1693
1504,B,34,1693
1505,B,35,1693
1506,B,36,1693
1507,B,37,1693
1508,B,38,1693
1509,B,39,1693
1510,A,40,1693
1511,B,31,1864
1512,C,32,1864
1513,A,33,1864
1514,C,34,1864
1515,B,35,1864
1516,B,36,1864
1517,B,37,1864
1518,B,38,1864
1519,C,39,1864
1520,A,40,1864
1521,B,31,1338
1522,C,32,1338
1523,B,33,1338
1524,A,34,1338
1525,B,35,1338
1526,B,36,1338
1527,A,37,1338
1528,A,38,1338
1529,C,39,1338
1530,B,40,1338
1531,C,31,1793
1532,C,32,1793
1533,B,33,1793
1534,C,34,1793
1535,B,35,1793
1536,A,36,1793
1537,A,37,1793
1538,B,38,1793
1539,A,39,1793
1540,B,40,1793
1541,A,41,7611
1542,C,42,6749
1543,C,43,6749
1544,C,44,6749
1545,C,45,6749
1546,B,46,6749
1547,A,47,6749
1548,B,48,6749
1549,B,49,6749
1550,C,50,6749
1551,C,41,7214
1552,B,42,7214
1553,B,43,7214
1554,B,44,7214
1555,C,45,7214
1556,A,46,7214
1557,C,47,7214
1558,B,48,7214
1559,B,49,7214
1560,C,50,7214
1561,A,41,7142
1562,B,42,7142
1563,B,43,7142
1564,B,44,7142
1565,B,45,7142
1566,C,46,7142
1567,C,47,7142
1568,C,48,7142
1569,A,49,7142
1570,C,50,7142
1571,C,41,6871
1572,B,42,6871
1573,B,43,6871
1574,A,44,6871
1575,B,45,6871
1576,B,46,6871
1577,C,47,6871
1578,C,48,6871
1579,A,49,6871
1580,C,50,6871
1581,A,41,6883
1582,B,42,6883
1583,C,43,6883
1584,B,44,6883
1585,B,45,6883
1586,B,46,6883
1587,B,47,6883
1588,B,48,6883
1589,A,49,6883
1590,B,50,6883
1591,C,41,6553
1592,B,42,6553
1593,C,43,6553
1594,A,44,6553
1595,B,45,6553
1596,B,46,6553
1597,A,47,6553
1598,C,48,6553
1599,B,49,6553
1600,B,50,6553
1601,B,41,6073
1602,C,42,6073
1603,B,43,6073
1604,A,44,6073
1605,B,45,6073
1606,B,46,6073
1607,B,47,6073
1608,B,48,6073
1609,B,49,6073
1610,C,50,6073
1611,C,41,6241
1612,B,42,6241
1613,B,43,6241
1614,B,44,6241
1615,C,45,6241
1616,A,46,6241
1617,C,47,6241
1618,C,48,6241
1619,C,49,6241
1620,A,50,6241
1621,B,41,6128
1622,B,42,6128
1623,B,43,6128
1624,A,44,6128
1625,B,45,6128
1626,C,46,6128
1627,B,47,6128
1628,B,48,6128
1629,A,49,6128
1630,A,50,6128
1631,B,41,6283
1632,C,42,6283
1633,B,43,6283
1634,B,44,6283
1635,A,45,6283
1636,C,46,6283
1637,C,47,6283
1638,B,48,6283
1639,B,49,6283
1640,A,50,6283
1641,B,41,4535
1642,C,42,4535
1643,C,43,4535
1644,C,44,4535
1645,B,45,4535
1646,B,46,4535
1647,B,47,4535
1648,B,48,4535
1649,B,49,4535
1650,A,50,4535
1651,A,41,4724
1652,A,42,4724
1653,A,43,4724
1654,A,44,4724
1655,B,45,4724
1656,C,46,4724
1657,C,47,4724
1658,B,48,4724
1659,B,49,4724
1660,A,50,4724
1661,B,41,5306
1662,C,42,5306
1663,B,43,5306
1664,B,44,5306
1665,A,45,5306
1666,B,46,5306
1667,C,47,5306
1668,C,48,5306
1669,A,49,5306
1670,A,50,5306
1671,A,41,4060
1672,A,42,4060
1673,C,43,4060
1674,B,44,4060
1675,B,45,4060
1676,C,46,4060
1677,B,47,4060
1678,C,48,4060
1679,C,49,4060
1680,B,50,4060
1681,C,41,3531
1682,B,42,3531
1683,C,43,3531
1684,C,44,3531
1685,C,45,3531
1686,C,46,3531
1687,B,47,3531
1688,B,48,3531
1689,B,49,3531
1690,A,50,3531
1691,C,41,3622
1692,A,42,3622
1693,C,43,3622
1694,B,44,3622
1695,C,45,3622
1696,B,46,3622
1697,C,47,3622
1698,C,48,3622
1699,C,49,3622
1700,C,50,3622
1701,B,41,3681
1702,A,42,3681
1703,B,43,3681
1704,B,44,3681
1705,B,45,3681
1706,C,46,3681
1707,B,47,3681
1708,A,48,3681
1709,B,49,3681
1710,A,50,3681
1711,A,41,3921
1712,B,42,3921
1713,C,43,3921
1714,B,44,3921
1715,C,45,3921
1716,B,46,3921
1717,A,47,3921
1718,A,48,3921
1719,C,49,3921
1720,B,50,3921
1721,B,41,2677
1722,A,42,2677
1723,A,43,2677
1724,B,44,2677
1725,B,45,2677
1726,A,46,2677
1727,A,47,2677
1728,B,48,2677
1729,B,49,2677
1730,A,50,2677
1731,A,41,2432
1732,B,42,2432
1733,B,43,2432
1734,B,44,2432
1735,A,45,2432
1736,B,46,2432
1737,B,47,2432
1738,C,48,2432
1739,B,49,2432
1740,A,50,2432
1741,C,41,2544
1742,C,42,2544
1743,B,43,2544
1744,B,44,2544
1745,B,45,2544
1746,A,46,2544
1747,A,47,2544
1748,B,48,2544
1749,B,49,2544
1750,C,50,2544
1751,B,41,2308
1752,B,42,2308
1753,C,43,2308
1754,C,44,2308
1755,C,45,2308
1756,B,46,2308
1757,C,47,2308
1758,C,48,2308
1759,B,49,2308
1760,B,50,2308
1761,B,41,4861
1762,B,42,4861
1763,C,43,4861
1764,B,44,4861
1765,A,45,4861
1766,A,46,4861
1767,B,47,4861
1768,C,48,4861
1769,C,49,4861
1770,C,50,4861
1771,B,41,2144
1772,B,42,2144
1773,B,43,2144
1774,C,44,2144
1775,A,45,2144
1776,A,46,2144
1777,B,47,2144
1778,B,48,2144
1779,B,49,2144
1780,B,50,2144
1781,B,41,1692
1782,A,42,1692
1783,B,43,1692
1784,A,44,1692
1785,B,45,1692
1786,B,46,1692
1787,C,47,1692
1788,B,48,1692
1789,C,49,1692
1790,B,50,1692
1791,C,41,2146
1792,C,42,2146
1793,A,43,2146
1794,C,44,2146
1795,C,45,2146
1796,C,46,2146
1797,C,47,2146
1798,A,48,2146
1799,B,49,2146
1800,C,50,2146
1801,B,41,2098
1802,A,42,2098
1803,B,43,2098
1804,B,44,2098
1805,B,45,2098
1806,B,46,2098
1807,C,47,2098
1808,B,48,2098
1809,B,49,2098
1810,C,50,2098
1811,C,41,1793
1812,A,42,1793
1813,C,43,1793
1814,C,44,1793
1815,B,45,1793
1816,B,46,1793
1817,C,47,1793
1818,B,48,1793
1819,C,49,1793
1820,B,50,1793
1821,,41,565
1822,,42,565
1823,,43,565
1824,,44,565
1825,,45,565
1826,,46,565
1827,,47,565
1828,,48,565
1829,,49,565
1830,,50,565
1831,,41,1003
1832,,42,1003
1833,,43,1003
1834,,44,1003
1835,,45,1003
1836,,46,1003
1837,,47,1003
1838,,48,1003
1839,,49,1003
1840,,50,1003
1841,,41,735
1842,,42,735
1843,,43,735
1844,,44,735
1845,,45,735
1846,,46,735
1847,,47,735
1848,,48,735
1849,,49,735
1850,,50,735
1851,,41,892
1852,,42,892
1853,,43,892
1854,,44,892
1855,,45,892
1856,,46,892
1857,,47,892
1858,,48,892
1859,,49,892
1860,,50,892
1861,,41,11
1862,,42,11
1863,,43,11
1864,,44,11
1865,,45,11
1866,,46,11
1867,,47,11
1868,,48,11
1869,,49,11
1870,,50,11
1871,A,51,7162
1872,B,52,7162
1873,B,53,7162
1874,B,54,7162
1875,A,55,7162
1876,A,56,7162
1877,B,57,7162
1878,B,58,7162
1879,B,59,7162
1880,C,60,7162
1881,A,51,7214
1882,A,52,7214
1883,C,53,7214
1884,A,54,7214
1885,B,55,7214
1886,B,56,7214
1887,B,57,7214
1888,B,58,7214
1889,B,59,7214
1890,C,60,7214
1891,B,51,7142
1892,C,52,7142
1893,C,53,7142
1894,C,54,7142
1895,B,55,7142
1896,B,56,7142
1897,A,57,7142
1898,A,58,7142
1899,A,59,7142
1900,B,60,7142
1901,C,51,6871
1902,C,52,6871
1903,B,53,6871
1904,B,54,6871
1905,B,55,6871
1906,B,56,6871
1907,A,57,6871
1908,C,58,6871
1909,A,59,6871
1910,B,60,6871
1911,A,51,6883
1912,C,52,6883
1913,B,53,6883
1914,C,54,6883
1915,A,55,6883
1916,A,56,6883
1917,C,57,6883
1918,B,58,6883
1919,B,59,6883
1920,A,60,6883
1921,B,51,5885
1922,C,52,5885
1923,C,53,5885
1924,B,54,5885
1925,B,55,5885
1926,B,56,5885
1927,A,57,5885
1928,B,58,5885
1929,A,59,5885
1930,C,60,5885
1931,A,51,6073
1932,A,52,6073
1933,A,53,6073
1934,C,54,6073
1935,B,55,6073
1936,B,56,6073
1937,B,57,6073
1938,A,58,6073
1939,B,59,6073
1940,C,60,6073
1941,A,51,6563
1942,A,52,6563
1943,C,53,6563
1944,B,54,6563
1945,A,55,6563
1946,C,56,6563
1947,A,57,6563
1948,A,58,6563
1949,B,59,6563
1950,B,60,6563
1951,C,51,6241
1952,C,52,6241
1953,A,53,6241
1954,B,54,6241
1955,A,55,6241
1956,A,56,6241
1957,B,57,6241
1958,C,58,6241
1959,B,59,6241
1960,B,60,6241
1961,B,51,6128
1962,B,52,6128
1963,B,53,6128
1964,B,54,6128
1965,C,55,6128
1966,A,56,6128
1967,B,57,6128
1968,A,58,6128
1969,B,59,6128
1970,B,60,6128
1971,C,51,4544
1972,C,52,4544
1973,B,53,4544
1974,B,54,4544
1975,C,55,4544
1976,B,56,4544
1977,C,57,4544
1978,C,58,4544
1979,A,59,4544
1980,B,60,4544
1981,B,51,5446
1982,C,52,5446
1983,C,53,5446
1984,B,54,5446
1985,C,55,5446
1986,B,56,5446
1987,B,57,5446
1988,B,58,5446
1989,A,59,5446
1990,B,60,5446
1991,B,51,5448
1992,C,52,5448
1993,B,53,5448
1994,B,54,5448
1995,A,55,5448
1996,A,56,5448
1997,B,57,5448
1998,A,58,5448
1999,B,59,5448
2000,B,60,5448
2001,A,51,5306
2002,B,52,5306
2003,B,53,5306
2004,B,54,5306
2005,C,55,5306
2006,C,56,5306
2007,B,57,5306
2008,A,58,5306
2009,B,59,5306
2010,B,60,5306
2011,C,51,4899
2012,C,52,4899
2013,B,53,4899
2014,C,54,4899
2015,A,55,4899
2016,B,56,4899
2017,B,57,4899
2018,C,58,4899
2019,A,59,4899
2020,B,60,4899
2021,B,51,3538
2022,B,52,3538
2023,B,53,3538
2024,B,54,3538
2025,A,55,3538
2026,B,56,3538
2027,A,57,3538
2028,C,58,3538
2029,A,59,3538
2030,B,60,3538
2031,B,51,4307
2032,B,52,4307
2033,C,53,4307
2034,B,54,4307
2035,C,55,4307
2036,B,56,4307
2037,B,57,4307
2038,B,58,4307
2039,C,59,4307
2040,B,60,4307
2041,A,51,3388
2042,B,52,3388
2043,C,53,3388
2044,B,54,3388
2045,C,55,3388
2046,A,56,3388
2047,B,57,3388
2048,B,58,3388
2049,A,59,3388
2050,B,60,3388
2051,B,51,3681
2052,B,52,3681
2053,C,53,3681
2054,A,54,3681
2055,C,55,3681
2056,A,56,3681
2057,B,57,3681
2058,B,58,3681
2059,C,59,3681
2060,B,60,3681
2061,A,51,4017
2062,B,52,4017
2063,B,53,4017
2064,C,54,4017
2065,C,55,4017
2066,B,56,4017
2067,A,57,4017
2068,B,58,4017
2069,B,59,4017
2070,A,60,4017
2071,C,51,2436
2072,A,52,2436
2073,C,53,2436
2074,B,54,2436
2075,B,55,2436
2076,A,56,2436
2077,B,57,2436
2078,B,58,2436
2079,B,59,2436
2080,A,60,2436
2081,B,51,2574
2082,B,52,2574
2083,A,53,2574
2084,B,54,2574
2085,B,55,2574
2086,B,56,2574
2087,A,57,2574
2088,B,58,2574
2089,B,59,2574
2090,B,60,2574
2091,A,51,2687
2092,B,52,2687
2093,C,53,2687
2094,A,54,2687
2095,B,55,2687
2096,B,56,2687
2097,C,57,2687
2098,A,58,2687
2099,B,59,2687
2100,C,60,2687
2101,B,51,2544
2102,C,52,2544
2103,C,53,2544
2104,B,54,2544
2105,B,55,2544
2106,C,56,2544
2107,B,57,2544
2108,B,58,2544
2109,C,59,2544
2110,B,60,2544
2111,B,51,3035
2112,B,52,3035
2113,C,53,3035
2114,B,54,3035
2115,A,55,3035
2116,C,56,3035
2117,A,57,3035
2118,C,58,3035
2119,C,59,3035
2120,B,60,3035
2121,A,51,1460
2122,A,52,1460
2123,A,53,1460
2124,A,54,1460
2125,B,55,1460
2126,A,56,1460
2127,C,57,1460
2128,B,58,1460
2129,A,59,1460
2130,A,60,1460
2131,C,51,2154
2132,C,52,2154
2133,B,53,2154
2134,B,54,2154
2135,C,55,2154
2136,A,56,2154
2137,C,57,2154
2138,B,58,2154
2139,B,59,2154
2140,C,60,2154
2141,C,51,1843
2142,B,52,1843
2143,B,53,1843
2144,B,54,1843
2145,A,55,1843
2146,B,56,1843
2147,C,57,1843
2148,B,58,1843
2149,A,59,1843
2150,B,60,1843
2151,B,51,2150
2152,A,52,2150
2153,A,53,2150
2154,C,54,2150
2155,C,55,2150
2156,B,56,2150
2157,A,57,2150
2158,C,58,2150
2159,B,59,2150
2160,A,60,2150
2161,C,51,1703
2162,B,52,1703
2163,B,53,1703
2164,A,54,1703
2165,C,55,1703
2166,B,56,1703
2167,C,57,1703
2168,C,58,1703
2169,B,59,1703
2170,B,60,1703
2171,,51,218
2172,,52,218
2173,,53,218
2174,,54,218
2175,,55,218
2176,,56,218
2177,,57,218
2178,,58,218
2179,,59,218
2180,,60,218
2181,,51,291
2182,,52,291
2183,,53,291
2184,,54,291
2185,,55,291
2186,,56,291
2187,,57,291
2188,,58,291
2189,,59,291
2190,,60,291
2191,,51,735
2192,,52,735
2193,,53,735
2194,,54,735
2195,,55,735
2196,,56,735
2197,,57,735
2198,,58,735
2199,,59,735
2200,,60,735
2201,,51,11
2202,,52,11
2203,,53,11
2204,,54,11
2205,,55,11
2206,,56,11
2207,,57,11
2208,,58,11
2209,,59,11
2210,,60,11
2211,B,61,4674
2212,C,62,4674
2213,C,63,4674
2214,B,64,4674
2215,A,65,4674
2216,B,66,4674
2217,C,67,4674
2218,B,68,4674
2219,C,69,4674
2220,B,70,4674
2221,B,61,5225
2222,C,62,5225
2223,A,63,5225
2224,A,64,5225
2225,A,65,5225
2226,B,66,5225
2227,C,67,5225
2228,B,68,5225
2229,A,69,5225
2230,B,70,5225
2231,C,61,5290
2232,C,62,5290
2233,C,63,5290
2234,B,64,5290
2235,A,65,5290
2236,A,66,5290
2237,C,67,5290
2238,B,68,5290
2239,A,69,5290
2240,A,70,5290
2241,A,61,5086
2242,A,62,5086
2243,C,63,5086
2244,B,64,5086
2245,B,65,5086
2246,A,66,5086
2247,B,67,5086
2248,B,68,5086
2249,C,69,5086
2250,C,70,5086
2251,B,61,4899
2252,A,62,4899
2253,A,63,4899
2254,B,64,4899
2255,C,65,4899
2256,C,66,4899
2257,B,67,4899
2258,A,68,4899
2259,C,69,4899
2260,B,70,4899
2261,A,61,4373
2262,B,62,4373
2263,A,63,4373
2264,B,64,4373
2265,C,65,4373
2266,B,66,4373
2267,C,67,4373
2268,B,68,4373
2269,A,69,4373
2270,B,70,4373
2271,B,61,4172
2272,B,62,4172
2273,C,63,4172
2274,C,64,4172
2275,A,65,4172
2276,B,66,4172
2277,A,67,4172
2278,C,68,4172
2279,B,69,4172
2280,B,70,4172
2281,B,61,4235
2282,C,62,4235
2283,C,63,4235
2284,A,64,4235
2285,B,65,4235
2286,A,66,4235
2287,C,67,4235
2288,A,68,4235
2289,C,69,4235
2290,B,70,4235
2291,B,61,3896
2292,B,62,3896
2293,A,63,3896
2294,C,64,3896
2295,B,65,3896
2296,A,66,3896
2297,A,67,3896
2298,B,68,3896
2299,B,69,3896
2300,B,70,3896
2301,A,61,3400
2302,A,62,3400
2303,A,63,3400
2304,A,64,3400
2305,B,65,3400
2306,B,66,3400
2307,A,67,3400
2308,C,68,3400
2309,B,69,3400
2310,A,70,3400
2311,B,61,2304
2312,B,62,2304
2313,C,63,2304
2314,C,64,2304
2315,B,65,2304
2316,C,66,2304
2317,B,67,2304
2318,A,68,2304
2319,C,69,2304
2320,B,70,2304
2321,B,61,2603
2322,A,62,2603
2323,A,63,2603
2324,C,64,2603
2325,A,65,2603
2326,B,66,2603
2327,A,67,2603
2328,C,68,2603
2329,B,69,2603
2330,B,70,2603
2331,A,61,2278
2332,C,62,2278
2333,A,63,2278
2334,A,64,2278
2335,B,65,2278
2336,B,66,2278
2337,C,67,2278
2338,B,68,2278
2339,B,69,2278
2340,C,70,2278
2341,B,61,1843
2342,A,62,1843
2343,C,63,1843
2344,C,64,1843
2345,B,65,1843
2346,C,66,1843
2347,A,67,1843
2348,A,68,1843
2349,C,69,1843
2350,B,70,1843
2351,B,61,1336
2352,A,62,1336
2353,A,63,1336
2354,B,64,1336
2355,B,65,1336
2356,B,66,1336
2357,B,67,1336
2358,B,68,1336
2359,A,69,1336
2360,B,70,1336
2361,C,61,1496
2362,C,62,1496
2363,B,63,1496
2364,C,64,1496
2365,A,65,1496
2366,B,66,1496
2367,C,67,1496
2368,B,68,1496
2369,A,69,1496
2370,A,70,1496
2371,B,61,1311
2372,C,62,1311
2373,C,63,1311
2374,B,64,1311
2375,B,65,1311
2376,B,66,1311
2377,B,67,1311
2378,B,68,1311
2379,B,69,1311
2380,A,70,1311
2381,B,61,1690
2382,A,62,1690
2383,B,63,1690
2384,B,64,1690
2385,B,65,1690
2386,B,66,1690
2387,B,67,1690
2388,B,68,1690
2389,B,69,1690
2390,B,70,1690
2391,,61,563
2392,,62,563
2393,,63,563
2394,,64,563
2395,,65,563
2396,,66,563
2397,,67,563
2398,,68,563
2399,,69,563
2400,,70,563
2401,,61,285
2402,,62,285
2403,,63,285
2404,,64,285
2405,,65,285
2406,,66,285
2407,,67,285
2408,,68,285
2409,,69,285
2410,,70,285
2411,,61,408
2412,,62,408
2413,,63,408
2414,,64,408
2415,,65,408
2416,,66,408
2417,,67,408
2418,,68,408
2419,,69,408
2420,,70,408
2421,,61,161
2422,,62,161
2423,,63,161
2424,,64,161
2425,,65,161
2426,,66,161
2427,,67,161
2428,,68,161
2429,,69,161
2430,,70,161
2431,,61,11
2432,,62,11
2433,,63,11
2434,,64,11
2435,,65,11
2436,,66,11
2437,,67,11
2438,,68,11
2439,,69,11
2440,,70,11
2441,A,71,5367
2442,B,72,5367
2443,A,73,5367
2444,B,74,5367
2445,B,75,5367
2446,B,76,5367
2447,A,77,5367
2448,C,78,5367
2449,B,79,5367
2450,C,80,5367
2451,C,71,5225
2452,C,72,5225
2453,B,73,5225
2454,B,74,5225
2455,B,75,5225
2456,B,76,5225
2457,C,77,5225
2458,C,78,5225
2459,B,79,5225
2460,B,80,5225
2461,C,71,5290
2462,A,72,5290
2463,B,73,5290
2464,B,74,5290
2465,A,75,5290
2466,A,76,5290
2467,A,77,5290
2468,B,78,5290
2469,B,79,5290
2470,B,80,5290
2471,C,71,5086
2472,B,72,5086
2473,B,73,5086
2474,A,74,5086
2475,A,75,5086
2476,B,76,5086
2477,C,77,5086
2478,C,78,5086
2479,B,79,5086
2480,A,80,5086
2481,C,71,4899
2482,C,72,4899
2483,C,73,4899
2484,B,74,4899
2485,B,75,4899
2486,B,76,4899
2487,C,77,4899
2488,C,78,4899
2489,A,79,4899
2490,B,80,4899
2491,B,71,3653
2492,C,72,3653
2493,B,73,3653
2494,B,74,3653
2495,A,75,3653
2496,A,76,3653
2497,A,77,3653
2498,C,78,3653
2499,A,79,3653
2500,A,80,3653
2501,B,71,4172
2502,A,72,4172
2503,B,73,4172
2504,B,74,4172
2505,B,75,4172
2506,B,76,4172
2507,C,77,4172
2508,B,78,4172
2509,C,79,4172
2510,A,80,4172
2511,C,71,4383
2512,A,72,4383
2513,B,73,4383
2514,B,74,4383
2515,A,75,4383
2516,B,76,4383
2517,A,77,4383
2518,B,78,4383
2519,B,79,4383
2520,A,80,4383
2521,B,71,4235
2522,C,72,4235
2523,C,73,4235
2524,C,74,4235
2525,C,75,4235
2526,C,76,4235
2527,B,77,4235
2528,B,78,4235
2529,C,79,4235
2530,A,80,4235
2531,A,71,3896
2532,B,72,3896
2533,B,73,3896
2534,A,74,3896
2535,C,75,3896
2536,B,76,3896
2537,B,77,3896
2538,C,78,3896
2539,A,79,3896
2540,B,80,3896
2541,A,71,2312
2542,A,72,2312
2543,B,73,2312
2544,B,74,2312
2545,A,75,2312
2546,A,76,2312
2547,B,77,2312
2548,A,78,2312
2549,A,79,2312
2550,B,80,2312
2551,A,71,2969
2552,A,72,2969
2553,B,73,2969
2554,B,74,2969
2555,B,75,2969
2556,B,76,2969
2557,C,77,2969
2558,A,78,2969
2559,B,79,2969
2560,B,80,2969
2561,A,71,2300
2562,A,72,2300
2563,A,73,2300
2564,B,74,2300
2565,B,75,2300
2566,B,76,2300
2567,A,77,2300
2568,B,78,2300
2569,B,79,2300
2570,B,80,2300
2571,A,71,2278
2572,C,72,2278
2573,C,73,2278
2574,B,74,2278
2575,C,75,2278
2576,A,76,2278
2577,C,77,2278
2578,A,78,2278
2579,B,79,2278
2580,C,80,2278
2581,A,71,3082
2582,C,72,3082
2583,B,73,3082
2584,A,74,3082
2585,A,75,3082
2586,C,76,3082
2587,A,77,3082
2588,A,78,3082
2589,B,79,3082
2590,B,80,3082
2591,A,71,1352
2592,B,72,1352
2593,C,73,1352
2594,B,74,1352
2595,B,75,1352
2596,A,76,1352
2597,C,77,1352
2598,A,78,1352
2599,C,79,1352
2600,B,80,1352
2601,B,71,1546
2602,B,72,1546
2603,C,73,1546
2604,B,74,1546
2605,A,75,1546
2606,B,76,1546
2607,A,77,1546
2608,B,78,1546
2609,B,79,1546
2610,C,80,1546
2611,B,71,1326
2612,B,72,1326
2613,B,73,1326
2614,B,74,1326
2615,B,75,1326
2616,C,76,1326
2617,B,77,1326
2618,B,78,1326
2619,C,79,1326
2620,C,80,1326
2621,C,71,1311
2622,B,72,1311
2623,C,73,1311
2624,A,74,1311
2625,B,75,1311
2626,A,76,1311
2627,A,77,1311
2628,B,78,1311
2629,C,79,1311
2630,C,80,1311
2631,A,71,1793
2632,B,72,1793
2633,A,73,1793
2634,B,74,1793
2635,B,75,1793
2636,A,76,1793
2637,B,77,1793
2638,B,78,1793
2639,B,79,1793
2640,C,80,1793
2641,,71,289
2642,,72,289
2643,,73,289
2644,,74,289
2645,,75,289
2646,,76,289
2647,,77,289
2648,,78,289
2649,,79,289
2650,,80,289
2651,,71,440
2652,,72,440
2653,,73,440
2654,,74,440
2655,,75,440
2656,,76,440
2657,,77,440
2658,,78,440
2659,,79,440
2660,,80,440
2661,,71,571
2662,,72,571
2663,,73,571
2664,,74,571
2665,,75,571
2666,,76,571
2667,,77,571
2668,,78,571
2669,,79,571
2670,,80,571
2671,,71,408
2672,,72,408
2673,,73,408
2674,,74,408
2675,,75,408
2676,,76,408
2677,,77,408
2678,,78,408
2679,,79,408
2680,,80,408
2681,,71,892
2682,,72,892
2683,,73,892
2684,,74,892
2685,,75,892
2686,,76,892
2687,,77,892
2688,,78,892
2689,,79,892
2690,,80,892
2691,C,81,2430
2692,C,82,2430
2693,A,83,2430
2694,B,84,2430
2695,B,85,2430
2696,A,86,2430
2697,A,87,2430
2698,B,88,2430
2699,A,89,2430
2700,B,90,2430
2701,B,81,3001
2702,B,82,3001
2703,B,83,3001
2704,B,84,3001
2705,A,85,3001
2706,C,86,3001
2707,A,87,3001
2708,B,88,3001
2709,C,89,3001
2710,A,90,3001
2711,B,81,3123
2712,A,82,3123
2713,C,83,3123
2714,B,84,3123
2715,B,85,3123
2716,A,86,3123
2717,A,87,3123
2718,B,88,3123
2719,B,89,3123
2720,A,90,3123
2721,A,81,2585
2722,C,82,2585
2723,B,83,2585
2724,C,84,2585
2725,C,85,2585
2726,C,86,2585
2727,C,87,2585
2728,A,88,2585
2729,B,89,2585
2730,B,90,2585
2731,B,81,3082
2732,B,82,3082
2733,C,83,3082
2734,C,84,3082
2735,B,85,3082
2736,B,86,3082
2737,B,87,3082
2738,A,88,3082
2739,B,89,3082
2740,C,90,3082
2741,C,81,2142
2742,A,82,2142
2743,B,83,2142
2744,C,84,2142
2745,C,85,2142
2746,C,86,2142
2747,C,87,2142
2748,B,88,2142
2749,A,89,2142
2750,C,90,2142
2751,B,81,1972
2752,C,82,1972
2753,A,83,1972
2754,A,84,1972
2755,A,85,1972
2756,A,86,1972
2757,C,87,1972
2758,B,88,1972
2759,B,89,1972
2760,B,90,1972
2761,B,81,2080
2762,A,82,2080
2763,B,83,2080
2764,C,84,2080
2765,A,85,2080
2766,A,86,2080
2767,C,87,2080
2768,C,88,2080
2769,B,89,2080
2770,B,90,2080
2771,B,81,1669
2772,B,82,1669
2773,B,83,1669
2774,B,84,1669
2775,C,85,1669
2776,B,86,1669
2777,B,87,1669
2778,B,88,1669
2779,A,89,1669
2780,C,90,1669
2781,B,81,1703
2782,A,82,1703
2783,A,83,1703
2784,B,84,1703
2785,C,85,1703
2786,C,86,1703
2787,C,87,1703
2788,B,88,1703
2789,A,89,1703
2790,B,90,1703
2791,,81,159
2792,,82,159
2793,,83,159
2794,,84,159
2795,,85,159
2796,,86,159
2797,,87,159
2798,,88,159
2799,,89,159
2800,,90,159
2801,,81,470
2802,,82,470
2803,,83,470
2804,,84,470
2805,,85,470
2806,,86,470
2807,,87,470
2808,,88,470
2809,,89,470
2810,,90,470
2811,,81,128
2812,,82,128
2813,,83,128
2814,,84,128
2815,,85,128
2816,,86,128
2817,,87,128
2818,,88,128
2819,,89,128
2820,,90,128
2821,B,91,3167
2822,A,92,3167
2823,B,93,3167
2824,B,94,3167
2825,B,95,3167
2826,B,96,3167
2827,C,97,3167
2828,A,98,3167
2829,A,99,3167
2830,B,100,3167
2831,C,91,3001
2832,A,92,3001
2833,C,93,3001
2834,A,94,3001
2835,C,95,3001
2836,B,96,3001
2837,A,97,3001
2838,B,98,3001
2839,B,99,3001
2840,B,100,3001
2841,A,91,3123
2842,B,92,3123
2843,A,93,3123
2844,B,94,3123
2845,C,95,3123
2846,B,96,3123
2847,B,97,3123
2848,C,98,3123
2849,B,99,3123
2850,C,100,3123
2851,C,91,2585
2852,B,92,2585
2853,C,93,2585
2854,B,94,2585
2855,B,95,2585
2856,A,96,2585
2857,B,97,2585
2858,B,98,2585
2859,A,99,2585
2860,B,100,2585
2861,A,91,3082
2862,C,92,3082
2863,C,93,3082
2864,B,94,3082
2865,B,95,3082
2866,A,96,3082
2867,B,97,3082
2868,C,98,3082
2869,B,99,3082
2870,C,100,3082
2871,B,91,1458
2872,C,92,1458
2873,A,93,1458
2874,A,94,1458
2875,B,95,1458
2876,B,96,1458
2877,B,97,1458
2878,B,98,1458
2879,A,99,1458
2880,B,100,1458
2881,B,91,1972
2882,A,92,1972
2883,A,93,1972
2884,C,94,1972
2885,A,95,1972
2886,A,96,1972
2887,B,97,1972
2888,C,98,1972
2889,A,99,1972
2890,A,100,1972
2891,B,91,2152
2892,C,92,2152
2893,B,93,2152
2894,B,94,2152
2895,B,95,2152
2896,A,96,2152
2897,A,97,2152
2898,B,98,2152
2899,B,99,2152
2900,B,100,2152
2901,C,91,2080
2902,C,92,2080
2903,B,93,2080
2904,A,94,2080
2905,B,95,2080
2906,A,96,2080
2907,B,97,2080
2908,A,98,2080
2909,C,99,2080
2910,C,100,2080
2911,B,91,1669
2912,A,92,1669
2913,C,93,1669
2914,B,94,1669
2915,C,95,1669
2916,A,96,1669
2917,C,97,1669
2918,B,98,1669
2919,C,99,1669
2920,C,100,1669
2921,,91,1011
2922,,92,1011
2923,,93,1011
2924,,94,1011
2925,,95,1011
2926,,96,1011
2927,,97,1011
2928,,98,1011
2929,,99,1011
2930,,100,1011
2931,,91,1072
2932,,92,1072
2933,,93,1072
2934,,94,1072
2935,,95,1072
2936,,96,1072
2937,,97,1072
2938,,98,1072
2939,,99,1072
2940,,100,1072
2941,,91,1074
2942,,92,1074
2943,,93,1074
2944,,94,1074
2945,,95,1074
2946,,96,1074
2947,,97,1074
2948,,98,1074
2949,,99,1074
2950,,100,1074
2951,,91,123
2952,,92,123
2953,,93,123
2954,,94,123
2955,,95,123
2956,,96,123
2957,,97,123
2958,,98,123
2959,,99,123
2960,,100,123
2961,,91,575
2962,,92,575
2963,,93,575
2964,,94,575
2965,,95,575
2966,,96,575
2967,,97,575
2968,,98,575
2969,,99,575
2970,,100,575
2971,,101,283
2972,,102,283
2973,,103,283
2974,,104,283
2975,,105,283
2976,,106,283
2977,,107,283
2978,,108,283
2979,,109,283
2980,,110,283
2981,,101,845
2982,,102,845
2983,,103,845
2984,,104,845
2985,,105,845
2986,,106,845
2987,,107,845
2988,,108,845
2989,,109,845
2990,,110,845
2991,,101,982
2992,,102,982
2993,,103,982
2994,,104,982
2995,,105,982
2996,,106,982
2997,,107,982
2998,,108,982
2999,,109,982
3000,,110,982
3001,,101,447
3002,,102,447
3003,,103,447
3004,,104,447
3005,,105,447
3006,,106,447
3007,,107,447
3008,,108,447
3009,,109,447
3010,,110,447
3011,,101,575
3012,,102,575
3013,,103,575
3014,,104,575
3015,,105,575
3016,,106,575
3017,,107,575
3018,,108,575
3019,,109,575
3020,,110,575
3021,,111,1009
3022,,112,1009
3023,,113,1009
3024,,114,1009
3025,,115,1009
3026,,116,1009
3027,,117,1009
3028,,118,1009
3029,,119,1009
3030,,120,1009
3031,,111,845
3032,,112,845
3033,,113,845
3034,,114,845
3035,,115,845
3036,,116,845
3037,,117,845
3038,,118,845
3039,,119,845
3040,,120,845
3041,,111,982
3042,,112,982
3043,,113,982
3044,,114,982
3045,,115,982
3046,,116,982
3047,,117,982
3048,,118,982
3049,,119,982
3050,,120,982
3051,,111,447
3052,,112,447
3053,,113,447
3054,,114,447
3055,,115,447
3056,,116,447
3057,,117,447
3058,,118,447
3059,,119,447
3060,,120,447
3061,,111,575
3062,,112,575
3063,,113,575
3064,,114,575
3065,,115,575
3066,,116,575
3067,,117,575
3068,,118,575
3069,,119,575
3070,,120,575
